FirstName,LastName,Club,Position,BaseSalary,GuaranteedComp
Luis,Abram,Atlanta United,D,"732,275.00","871,888.00"
Miguel,Almirón,Atlanta United,F,"6,056,000.00","7,871,000.00"
Pedro,Amador,Atlanta United,D,"231,996.00","267,608.00"
Luke,Brennan,Atlanta United,M,"104,000.00","104,000.00"
Dominik,Chong Qui,Atlanta United,D,"80,622.00","80,622.00"
Noah,Cobb,Atlanta United,D,"109,000.00","109,000.00"
Josh,Cohen,Atlanta United,GK,"289,992.00","328,492.00"
Matthew,Edwards,Atlanta United,D,"80,622.00","80,622.00"
Ajani,Fortune,Atlanta United,M,"109,000.00","109,000.00"
Ashton,Gordon,Atlanta United,F,"80,622.00","80,622.00"
Stian,Gregersen,Atlanta United,D,"800,000.00","920,000.00"
Brad,Guzan,Atlanta United,GK,"300,000.00","312,500.00"
Ronald,Hernández,Atlanta United,D,"275,000.00","290,750.00"
Jayden,Hibbert,Atlanta United,GK,"80,622.00","80,622.00"
Mateusz,Klich,Atlanta United,M,"1,743,750.00","1,937,338.00"
Emmanuel,Latte Lath,Atlanta United,F,"3,534,546.00","4,030,546.00"
Brooks,Lennon,Atlanta United,D,"740,000.00","740,000.00"
Saba,Lobjanidze,Atlanta United,F,"900,000.00","998,750.00"
Alexey,Miranchuk,Atlanta United,M,"3,600,000.00","4,885,441.00"
Efraín,Morales,Atlanta United,D,"104,000.00","112,019.00"
Edwin,Mosquera,Atlanta United,F,"425,000.00","462,000.00"
Tristan,Muyumba,Atlanta United,M,"550,000.00","591,600.00"
Will,Reilly,Atlanta United,M,"80,622.00","80,622.00"
Bartosz,Slisz,Atlanta United,M,"670,000.00","870,000.00"
Jamal,Thiaré,Atlanta United,F,"700,000.00","730,000.00"
Cayman,Togashi,Atlanta United,F,"104,000.00","104,000.00"
Adyn,Torres,Atlanta United,M,"80,622.00","80,622.00"
Derrick,Williams,Atlanta United,D,"450,000.00","497,500.00"
Osman,Bukari,Austin FC,F,"1,500,000.00","1,500,000.00"
Micah,Burton,Austin FC,M,"104,000.00","115,000.00"
Julio,Cascante,Austin FC,D,"780,000.00","853,750.00"
Stefan,Cleveland,Austin FC,GK,"250,000.00","274,167.00"
Guilherme,Biro,Austin FC,D,"275,000.00","275,000.00"
Mikkel,Desler,Austin FC,D,"550,000.00","550,000.00"
Nicolás,Dubersarsky,Austin FC,M,"275,000.00","297,986.00"
Jimmy,Farkarlun,Austin FC,F,"80,622.00","80,622.00"
CJ,Fodrey,Austin FC,F,"104,000.00","108,000.00"
Jon,Gallagher,Austin FC,D,"375,000.00","375,000.00"
Brendan,Hines-Ike,Austin FC,D,"325,000.00","325,000.00"
Žan,Kolmanič,Austin FC,D,"350,000.00","350,000.00"
Damian,Las,Austin FC,GK,"125,000.00","125,000.00"
Jáder,Obrian,Austin FC,F,"450,000.00","505,401.00"
Daniel,Pereira,Austin FC,M,"475,000.00","514,375.00"
Diego,Rubio,Austin FC,F,"208,000.00","208,000.00"
Besard,Sabovic,Austin FC,M,"550,000.00","550,000.00"
Ilie,Sánchez,Austin FC,M,"600,000.00","600,000.00"
Brad,Stuver,Austin FC,GK,"484,500.00","507,313.00"
Oleksandr,Svatok,Austin FC,D,"500,000.00","505,000.00"
Robert,Taylor,Austin FC,F,"575,000.00","633,333.00"
Riley,Thomas,Austin FC,D,"80,622.00","80,622.00"
Myrto,Uzuni,Austin FC,F,"1,520,000.00","2,225,000.00"
Brandon,Vazquez,Austin FC,F,"3,200,000.00","3,551,778.00"
Owen,Wolff,Austin FC,M,"208,000.00","221,600.00"
Michael,Adedokun,CF Montreal,D,"80,622.00","80,622.00"
Fernando,Álvarez,CF Montreal,D,"275,000.00","307,500.00"
Alessandro,Biello,CF Montreal,M,"80,622.00","80,622.00"
Sébastian,Breza,CF Montreal,GK,"104,000.00","104,000.00"
Dawid,Bugaj,CF Montreal,D,"240,000.00","267,600.00"
George,Campbell,CF Montreal,D,"475,000.00","517,500.00"
Caden,Clark,CF Montreal,M,"375,000.00","407,000.00"
Brandan,Craig,CF Montreal,D,"80,622.00","90,427.00"
Bryce,Duke,CF Montreal,M,"350,000.00","431,875.00"
Olger,Escobar,CF Montreal,F,"80,622.00","86,018.00"
Emil,Gazdov,CF Montreal,GK,"80,622.00","88,769.00"
Owen,Graham-Roache,CF Montreal,F,"80,622.00","86,512.00"
Yuri,Guboglo,CF Montreal,D,"80,622.00","86,311.00"
Fabian,Herbers,CF Montreal,F,"400,000.00","440,000.00"
Sunusi,Ibrahim,CF Montreal,F,"350,000.00","410,000.00"
Victor,Loturi,CF Montreal,M,"80,622.00","92,122.00"
Jahkeele,Marshall-Rutty,CF Montreal,D,"375,000.00","423,125.00"
Jalen,Neal,CF Montreal,D,"600,000.00","681,250.00"
Mahala,Opoku,CF Montreal,F,"458,333.00","598,560.00"
Prince,Owusu,CF Montreal,F,"875,000.00","982,500.00"
Tom,Pearce,CF Montreal,D,"450,000.00","507,625.00"
Luca,Petrasso,CF Montreal,D,"104,000.00","119,136.00"
Samuel,Piette,CF Montreal,M,"535,250.00","561,016.00"
Nathan-Dylan,Saliba,CF Montreal,M,"165,000.00","178,434.00"
Dante,Sealy,CF Montreal,F,"104,000.00","122,022.00"
Jonathan,Sirois,CF Montreal,GK,"275,000.00","292,625.00"
Jules-Anthony,Vilsaint,CF Montreal,F,"125,000.00","131,875.00"
Giacomo,Vrioni,CF Montreal,F,"2,000,000.00","2,247,500.00"
Joel,Waterman,CF Montreal,D,"474,250.00","555,400.00"
Dominik,Yankov,CF Montreal,M,"375,000.00","410,000.00"
Gena,Synchuk,CF Montreal,F,"600,000.00","606,000.00"
Liel,Abada,Charlotte FC,F,"2,400,000.00","2,548,500.00"
Patrick,Agyemang,Charlotte FC,F,"104,000.00","104,000.00"
Nimfasha,Berchimas,Charlotte FC,F,"110,000.00","124,934.00"
Pep,Biel,Charlotte FC,M,"1,299,999.96","1,545,162.96"
David,Bingham,Charlotte FC,GK,"104,000.00","104,000.00"
Brandt,Bronico,Charlotte FC,M,"350,000.00","389,000.00"
Nathan,Byrne,Charlotte FC,D,"475,000.00","498,750.00"
Brandon,Cambridge,Charlotte FC,F,"125,000.00","133,026.00"
Djibril,Diani,Charlotte FC,M,"300,000.00","337,944.00"
Souleyman,Doumbia,Charlotte FC,D,"500,000.00","541,250.00"
Jahlane,Forbes,Charlotte FC,D,"80,622.00","80,622.00"
Nick,Holliday,Charlotte FC,GK,"80,622.00","80,622.00"
Kristijan,Kahlina,Charlotte FC,GK,"750,000.00","788,750.00"
Adilson,Malanda,Charlotte FC,D,"900,000.00","1,080,000.00"
George,Marks,Charlotte FC,GK,"104,000.00","104,000.00"
Jack,Neeley,Charlotte FC,D,"104,000.00","106,000.00"
Chituru,Odunze,Charlotte FC,GK,"104,000.00","117,508.00"
Nikola,Petković,Charlotte FC,M,"420,000.00","466,250.00"
Andrew,Privett,Charlotte FC,D,"220,000.00","251,400.00"
Tim,Ream,Charlotte FC,D,"1,000,000.00","1,127,750.00"
João Pedro,Reginaldo,Charlotte FC,D,"104,000.00","115,595.00"
Brian,Romero,Charlotte FC,F,"125,000.00","135,833.00"
Nick,Scardina,Charlotte FC,D,"104,000.00","104,000.00"
Tyger,Smalls,Charlotte FC,F,"80,622.00","80,622.00"
Iuri,Tavares,Charlotte FC,F,"104,000.00","116,053.00"
Mikah,Thomas,Charlotte FC,D,"80,622.00","81,025.00"
Idan,Toklomati,Charlotte FC,F,"415,000.00","452,700.00"
Bill,Tuiloma,Charlotte FC,D,"500,000.00","524,938.00"
Kerwin,Vargas,Charlotte FC,F,"600,000.00","683,750.00"
Ashley,Westwood,Charlotte FC,M,"750,000.00","783,333.00"
Eryk,Williamson,Charlotte FC,M,"775,000.00","775,000.00"
Wilfried,Zaha,Charlotte FC,F,"2,666,667.00","2,751,667.00"
Kellyn,Acosta,Chicago Fire,M,"1,461,796.00","1,628,477.00"
Jonathan,Bamba,Chicago Fire,F,"5,000,000.00","5,581,806.00"
Tom,Barlow,Chicago Fire,F,"300,000.00","330,000.00"
Leonardo,Barroso,Chicago Fire,D,"300,000.00","345,500.00"
Dean,Boltz,Chicago Fire,F,"80,622.00","82,622.00"
Dylan,Borso,Chicago Fire,M,"80,622.00","88,622.00"
Chris,Brady,Chicago Fire,GK,"249,996.00","273,246.00"
Christopher,Cupps,Chicago Fire,D,"80,622.00","83,408.00"
Hugo,Cuypers,Chicago Fire,F,"3,238,000.00","3,528,044.00"
Djé,D'Avilla,Chicago Fire,M,"548,004.00","660,490.00"
Jonathan,Dean,Chicago Fire,D,"130,000.00","138,167.00"
Bryan,Dowd,Chicago Fire,GK,"80,622.00","80,622.00"
Jack,Elliott,Chicago Fire,D,"914,773.00","1,008,537.00"
Jeff,Gal,Chicago Fire,GK,"140,000.00","140,000.00"
Chase,Gasper,Chicago Fire,D,"575,000.00","600,000.00"
Omari,Glasgow,Chicago Fire,M,"104,000.00","117,685.00"
Omar,González,Chicago Fire,D,"104,000.00","123,333.00"
Brian,Gutiérrez,Chicago Fire,M,"857,955.00","950,425.00"
Andrew,Gutman,Chicago Fire,D,"600,000.00","600,000.00"
Maren,Haile-Selassie,Chicago Fire,M,"388,000.00","427,500.00"
Rominigue,Kouamé,Chicago Fire,M,"600,000.00","690,000.00"
Georgios,Koutsias,Chicago Fire,F,"470,800.00","470,800.00"
Chris,Mueller,Chicago Fire,F,"699,996.00","762,316.00"
Sergio,Oregel,Chicago Fire,M,"113,400.00","113,400.00"
Mauricio,Pineda,Chicago Fire,D,"355,000.00","386,220.00"
David,Poreba,Chicago Fire,M,"80,622.00","88,747.00"
Justin,Reynolds,Chicago Fire,D,"104,000.00","104,000.00"
Sam,Rogers,Chicago Fire,D,"120,000.00","143,000.00"
Carlos,Terán,Chicago Fire,D,"579,000.00","669,000.00"
Robert,Turdean,Chicago Fire,M,"80,622.00","113,549.00"
Sam,Williams,Chicago Fire,M,"80,622.00","91,951.00"
Philip,Zinckernagel,Chicago Fire,F,"1,450,750.00","1,631,290.00"
Daouda,Amadou,Colorado Rapids,M,"80,622.00","80,622.00"
Josh,Atencio,Colorado Rapids,M,"350,000.00","350,000.00"
Chidozie,Awaziem,Colorado Rapids,D,"1,272,000.00","1,397,675.00"
Sam,Bassett,Colorado Rapids,M,"80,622.00","80,622.00"
Cole,Bassett,Colorado Rapids,M,"850,000.00","850,000.00"
Adam,Beaudry,Colorado Rapids,GK,"104,000.00","106,500.00"
Kévin,Cabral,Colorado Rapids,F,"2,100,000.00","2,100,000.00"
Reggie,Cannon,Colorado Rapids,D,"750,000.00","841,500.00"
Michael,Edwards,Colorado Rapids,D,"160,000.00","160,000.00"
Ali,Fadal,Colorado Rapids,M,"80,622.00","80,622.00"
Wayne,Frederick,Colorado Rapids,M,"104,000.00","104,000.00"
Nicolas,Hansen,Colorado Rapids,GK,"80,622.00","80,622.00"
Alex,Harris,Colorado Rapids,F,"80,622.00","82,622.00"
Calvin,Harris,Colorado Rapids,F,"150,000.00","152,000.00"
Bryce,Jamison,Colorado Rapids,F,"104,000.00","116,466.00"
Nate,Jones,Colorado Rapids,D,"80,622.00","80,622.00"
Theodore,Ku-DiPietro,Colorado Rapids,M,"400,000.00","456,000.00"
Oliver,Larraz,Colorado Rapids,M,"125,000.00","130,625.00"
Andreas,Maxsø,Colorado Rapids,D,"1,200,000.00","1,392,500.00"
Djordje,Mihailovic,Colorado Rapids,M,"1,450,000.00","1,775,000.00"
Ian,Murphy,Colorado Rapids,D,"400,000.00","447,500.00"
Rafael,Navarro Leal,Colorado Rapids,F,"1,392,000.00","1,449,600.00"
Connor,Ronan,Colorado Rapids,M,"490,000.00","542,400.00"
Keegan,Rosenberry,Colorado Rapids,D,"400,000.00","400,000.00"
Zack,Steffen,Colorado Rapids,GK,"1,000,000.00","1,000,000.00"
Kimani,Stewart-Baynes,Colorado Rapids,F,"90,000.00","91,000.00"
Jackson,Travis,Colorado Rapids,D,"104,000.00","106,500.00"
Sam,Vines,Colorado Rapids,D,"900,000.00","912,500.00"
Darren,Yapi,Colorado Rapids,F,"104,000.00","114,833.00"
Ibrahim,Aliyu,Columbus Crew,F,"474,996.00","526,375.00"
Malte,Amundsen,Columbus Crew,D,"624,996.00","697,496.00"
Max,Arfsten,Columbus Crew,F,"350,000.00","389,375.00"
Evan,Bush,Columbus Crew,GK,"104,000.00","104,000.00"
Rudy,Camacho,Columbus Crew,D,"525,000.00","601,000.00"
Dylan,Chambost,Columbus Crew,M,"450,000.00","557,219.00"
Yevgen,Cheberko,Columbus Crew,D,"610,000.00","658,250.00"
Mohamed,Farsi,Columbus Crew,M,"425,000.00","455,000.00"
Dániel,Gazdag,Columbus Crew,M,"2,000,004.00","2,597,643.00"
Taha,Habroune,Columbus Crew,M,"104,000.00","116,000.00"
Nicholas,Hagen,Columbus Crew,GK,"104,000.00","122,600.00"
Andrés,Herrera,Columbus Crew,D,"650,000.00","737,158.00"
AZ,Jackson,Columbus Crew,M,"104,000.00","107,982.00"
Derrick,Jones,Columbus Crew,M,"350,000.00","387,500.00"
Stanislav,Lapkes,Columbus Crew,GK,"80,622.00","99,712.00"
Lassi,Lappalainen,Columbus Crew,F,"325,000.00","368,750.00"
Steven,Moreira,Columbus Crew,D,"820,000.00","902,000.00"
Cole,Mrowka,Columbus Crew,M,"80,622.00","100,630.00"
Darlington,Nagbe,Columbus Crew,M,"1,425,000.00","1,565,833.00"
Abraham,Romero,Columbus Crew,GK,"104,000.00","104,000.00"
Diego,Rossi,Columbus Crew,M,"2,725,000.00","3,426,827.00"
Jacen,Russell-Rowe,Columbus Crew,F,"120,000.00","127,389.00"
Cesar,Ruvalcaba,Columbus Crew,D,"80,622.00","80,622.00"
Patrick,Schulte,Columbus Crew,GK,"825,000.00","957,083.00"
Amar,Sejdić,Columbus Crew,M,"104,000.00","118,550.00"
Sean,Zawadzki,Columbus Crew,M,"400,000.00","446,875.00"
Conner,Antley,DC United,D,"104,000.00","105,667.00"
Dominique,Badji,DC United,F,"400,000.00","435,000.00"
Fidel,Barajas,DC United,F,"104,000.00","104,000.00"
Luis,Barraza,DC United,GK,"180,000.00","187,688.00"
Lucas,Bartlett,DC United,D,"450,000.00","510,625.00"
Christian,Benteke,DC United,F,"4,500,000.00","4,937,500.00"
Gabriel,Cordeiro Pirani,DC United,M,"725,000.00","791,700.00"
Derek,Dodson,DC United,D,"104,000.00","110,250.00"
Boris,Enow,DC United,M,"500,000.00","613,900.00"
Jordan,Farr,DC United,GK,"104,000.00","109,000.00"
Kristian,Fletcher,DC United,F,"150,000.00","169,509.00"
Aarón,Herrera,DC United,D,"825,000.00","920,220.00"
Jackson,Hopkins,DC United,M,"104,000.00","104,286.00"
Hakim,Karamoko,DC United,F,"80,622.00","80,622.00"
Hosei,Kijima,DC United,M,"80,622.00","80,622.00"
Joon-hong,Kim,DC United,GK,"354,000.00","427,000.00"
Randall,Leal,DC United,F,"1,150,000.00","1,265,000.00"
Lukas,MacNaughton,DC United,D,"120,000.00","122,100.00"
João Gabriel,Martins Peglow,DC United,F,"357,500.00","608,812.00"
Jacob,Murrell,DC United,F,"80,622.00","80,622.00"
Matti,Peltola,DC United,M,"750,000.00","826,000.00"
Kye,Rowles,DC United,D,"292,500.00","494,167.00"
David,Schnegg,DC United,D,"600,000.00","706,250.00"
Brandon,Servania,DC United,M,"104,000.00","131,056.00"
Jared,Stroud,DC United,F,"350,000.00","392,500.00"
Garrison,Tubbs,DC United,D,"104,000.00","104,000.00"
Gavin,Turner,DC United,M,"80,622.00","102,856.00"
Rida,Zouhir,DC United,M,"80,622.00","95,362.00"
Tah,Anunga,FC Cincinnati,M,"104,000.00","116,500.00"
Corey,Baird,FC Cincinnati,F,"676,534.00","744,241.00"
Álvaro,Barreal,FC Cincinnati,F,"755,000.00","917,238.00"
Pavel,Bucha,FC Cincinnati,M,"474,996.00","523,778.00"
Roman,Celentano,FC Cincinnati,GK,"425,000.00","474,000.00"
Stefan,Chirila,FC Cincinnati,F,"80,622.00","95,402.00"
Evander,da Silva Ferreira,FC Cincinnati,M,"3,200,000.00","4,736,411.00"
Kévin,Denkey,FC Cincinnati,F,"3,800,000.00","3,810,000.00"
Lukas,Engel,FC Cincinnati,D,"750,000.00","780,312.00"
Gilberto,Flores,FC Cincinnati,D,"364,992.00","411,664.00"
Teenage,Hadebe,FC Cincinnati,D,"960,000.00","1,110,000.00"
Nick,Hagglund,FC Cincinnati,D,"250,000.00","266,667.00"
Stiven,Jimenez,FC Cincinnati,M,"104,000.00","104,000.00"
Alec,Kann,FC Cincinnati,GK,"192,500.00","192,500.00"
Yuya,Kubo,FC Cincinnati,M,"750,000.00","821,667.00"
Evan,Louro,FC Cincinnati,GK,"104,000.00","109,000.00"
Matt,Miazga,FC Cincinnati,D,"1,575,000.00","1,575,000.00"
Obinna,Nwobodo,FC Cincinnati,M,"982,350.00","1,241,250.00"
Luca,Orellano,FC Cincinnati,F,"600,000.00","943,950.00"
Alvas,Powell,FC Cincinnati,D,"275,000.00","319,500.00"
Miles,Robinson,FC Cincinnati,D,"1,503,411.00","1,650,171.00"
Sergio,Santos,FC Cincinnati,F,"825,000.00","940,625.00"
Brad,Smith,FC Cincinnati,D,"104,000.00","114,000.00"
Gerardo,Valenzuela,FC Cincinnati,M,"104,000.00","121,542.00"
Paul,Walters,FC Cincinnati,GK,"104,000.00","111,967.00"
DeAndre,Yedlin,FC Cincinnati,D,"900,000.00","948,750.00"
Lalas,Abubakar,FC Dallas,D,"700,000.00","737,125.00"
Luciano,Acosta,FC Dallas,M,"3,040,000.00","4,296,413.00"
Leonardo,Alves Chú Franco,FC Dallas,F,"600,000.00","600,000.00"
Álvaro,Augusto,FC Dallas,D,"80,622.00","92,740.00"
Daniel,Baran,FC Dallas,F,"80,622.00","94,838.00"
Antonio,Carrera,FC Dallas,GK,"200,000.00","219,519.00"
Michael,Collodi,FC Dallas,GK,"80,622.00","93,047.00"
Manuel Luís,Da Silva Cafumana,FC Dallas,M,"462,000.00","504,350.00"
Kaick,da Silva Ferreira,FC Dallas,M,"150,000.00","201,900.00"
Geovane,de Jesus Rocha,FC Dallas,D,"350,000.00","397,000.00"
Patrickson,Delgado,FC Dallas,M,"234,000.00","260,280.00"
Herbert,Endeley,FC Dallas,D,"104,000.00","104,000.00"
Marco,Farfán,FC Dallas,D,"550,000.00","582,813.00"
Logan,Farrington,FC Dallas,F,"104,000.00","141,493.00"
Pedro Henrique,Fonseca de Araújo Martins,FC Dallas,F,"104,000.00","104,000.00"
Diego,García,FC Dallas,M,"80,622.00","94,263.00"
Sebastien,Ibeagha,FC Dallas,D,"675,000.00","738,625.00"
Anderson,Julio,FC Dallas,F,"750,000.00","820,000.00"
Bernard,Kamungo,FC Dallas,F,"225,000.00","256,000.00"
Sebastian,Lletget,FC Dallas,M,"800,000.00","891,250.00"
Malachi,Molina,FC Dallas,D,"80,622.00","93,338.00"
Shaq,Moore,FC Dallas,D,"700,000.00","770,000.00"
Ramiro,Moschen Benetti,FC Dallas,M,"500,000.00","500,000.00"
Petar,Musa,FC Dallas,F,"2,250,000.00","2,680,000.00"
Enzo,Newman,FC Dallas,D,"80,622.00","80,622.00"
Nolan,Norris,FC Dallas,D,"125,000.00","143,642.00"
Tsiki,Ntsabeleng,FC Dallas,M,"200,000.00","227,000.00"
Maarten,Paes,FC Dallas,GK,"450,000.00","522,000.00"
Paxton,Pomykal,FC Dallas,M,"1,050,000.00","1,158,000.00"
Tomas,Pondeca,FC Dallas,M,"80,622.00","80,622.00"
Anthony,Ramírez,FC Dallas,F,"80,622.00","80,622.00"
Carl,Sainté,FC Dallas,M,"80,622.00","80,622.00"
Enes,Sali,FC Dallas,F,"325,000.00","370,000.00"
Tarik,Scott,FC Dallas,F,"140,000.00","155,942.00"
Osaze,Urhoghide,FC Dallas,D,"580,000.00","643,982.00"
Alejandro,Urzua,FC Dallas,M,"80,622.00","80,622.00"
Diego,Pepi,FC Dallas,F,"80,622.00","80,622.00"
Exon,Arzú,Houston Dynamo,F,"104,000.00","108,598.00"
Femi,Awodesu,Houston Dynamo,D,"80,622.00","89,089.00"
Ethan,Bartlow,Houston Dynamo,D,"275,000.00","275,000.00"
Amine,Bassi,Houston Dynamo,M,"700,000.00","700,000.00"
Jonathan,Bond,Houston Dynamo,GK,"400,000.00","459,704.00"
Júnior,Urso,Houston Dynamo,M,"104,000.00","123,533.00"
José Artur,de Lima Júnior,Houston Dynamo,M,"810,000.00","893,375.00"
Griffin,Dorsey,Houston Dynamo,D,"540,000.00","594,667.00"
Érik,Dueñas,Houston Dynamo,M,"150,000.00","170,625.00"
Lawrence,Ennali,Houston Dynamo,F,"475,000.00","549,250.00"
Franco,Escobar,Houston Dynamo,D,"550,000.00","599,167.00"
Blake,Gillingham,Houston Dynamo,GK,"80,622.00","80,622.00"
Stephen Annor,Gyamfi,Houston Dynamo,F,"90,000.00","103,750.00"
Michael,Halliday,Houston Dynamo,D,"250,000.00","277,500.00"
Duane,Holmes,Houston Dynamo,M,"300,000.00","378,000.00"
Sebastian,Kowalczyk,Houston Dynamo,M,"525,000.00","594,618.00"
Ondrej,Lingr,Houston Dynamo,M,"800,004.00","844,043.00"
Nicolás,Lodeiro,Houston Dynamo,M,"200,000.00","200,000.00"
Jimmy,Maurer,Houston Dynamo,GK,"200,000.00","200,000.00"
Jack,McGlynn,Houston Dynamo,M,"265,000.00","292,033.00"
Pablo,Ortiz,Houston Dynamo,D,"400,000.00","443,400.00"
Ezequiel,Ponce,Houston Dynamo,F,"2,590,000.00","2,852,200.00"
Nelson,Quiñónes,Houston Dynamo,F,"252,000.00","272,894.00"
Brooklyn,Raines,Houston Dynamo,M,"125,000.00","143,063.00"
Sebastián,Rodríguez,Houston Dynamo,M,"80,622.00","89,272.00"
Kieran,Sargeant,Houston Dynamo,D,"104,000.00","106,193.00"
Gabriel,Segal,Houston Dynamo,F,"104,000.00","104,000.00"
Daniel,Steres,Houston Dynamo,D,"300,000.00","323,438.00"
Erik,Sviatchenko,Houston Dynamo,D,"750,000.00","825,000.00"
Andrew,Tarbell,Houston Dynamo,GK,"400,000.00","430,000.00"
Jefferson,Valverde,Houston Dynamo,M,"249,996.00","291,657.00"
Leo,Afonso,Inter Miami,F,"80,622.00","80,622.00"
Jordi,Alba,Inter Miami,D,"6,000,000.00","6,000,000.00"
Noah,Allen,Inter Miami,D,"125,000.00","126,667.00"
Tadeo,Allende,Inter Miami,F,"1,000,000.00","1,000,000.00"
Tomás,Avilés,Inter Miami,D,"439,992.00","467,492.00"
Israel,Boatwright,Inter Miami,D,"104,000.00","106,000.00"
Yannick,Bright,Inter Miami,M,"80,622.00","83,647.00"
Sergio,Busquets,Inter Miami,M,"8,499,996.00","8,774,996.00"
Drake,Callender,Inter Miami,GK,"399,996.00","455,913.00"
Benja,Cremaschi,Inter Miami,M,"400,000.00","502,500.00"
Maximiliano,Falcón,Inter Miami,D,"450,000.00","524,250.00"
Ian,Fray,Inter Miami,D,"150,000.00","150,000.00"
Tyler,Hall,Inter Miami,D,"104,000.00","104,000.00"
Gonzalo,Luján,Inter Miami,D,"526,500.00","818,250.00"
David,Martínez,Inter Miami,D,"700,000.00","839,839.00"
Lionel,Messi,Inter Miami,F,"12,000,000.00","20,446,667.00"
Santiago,Morales,Inter Miami,M,"104,000.00","112,333.00"
Allen,Obando,Inter Miami,F,"500,000.00","527,885.00"
Fafà,Picault,Inter Miami,F,"600,000.00","642,000.00"
Federico,Redondo,Inter Miami,M,"732,000.00","837,000.00"
Rocco,Ríos Novo,Inter Miami,GK,"104,000.00","122,866.00"
Baltasar,Rodríguez,Inter Miami,M,"440,000.00","440,000.00"
David,Ruíz,Inter Miami,M,"104,000.00","106,000.00"
Ryan,Sailor,Inter Miami,D,"104,000.00","104,000.00"
Telasco,Segovia,Inter Miami,M,"300,000.00","335,000.00"
Luis,Suárez,Inter Miami,F,"1,500,000.00","1,500,000.00"
Óscar,Ustari,Inter Miami,GK,"696,000.00","744,000.00"
Marcelo,Weigandt,Inter Miami,D,"500,000.00","734,708.00"
William ,Yarbrough,Inter Miami,GK,"150,000.00","150,000.00"
Julián,Aude,LA Galaxy,D,"350,000.00","360,000.00"
Miguel,Berry,LA Galaxy,F,"225,000.00","231,667.00"
Edwin,Cerrillo,LA Galaxy,M,"525,000.00","537,500.00"
Mauricio,Cuevas,LA Galaxy,D,"150,000.00","168,500.00"
Ascel,Essengue,LA Galaxy,D,"80,622.00","80,622.00"
Diego,Fagúndez,LA Galaxy,F,"1,250,000.00","1,310,000.00"
Gabriel,Fortes Chaves,LA Galaxy,F,"1,680,000.00","2,459,000.00"
Carlos,Garcés,LA Galaxy,D,"430,000.00","468,000.00"
Mathias,Jørgensen,LA Galaxy,D,"600,000.00","600,000.00"
Tucker,Lepley,LA Galaxy,M,"80,622.00","82,308.00"
JT,Marcinkowski,LA Galaxy,GK,"250,000.00","250,000.00"
John,McCarthy,LA Galaxy,GK,"452,000.00","474,600.00"
Novak,Mićović,LA Galaxy,GK,"175,000.00","175,000.00"
Harbor,Miller,LA Galaxy,D,"80,622.00","80,622.00"
Matheus,Nascimento de Paula,LA Galaxy,F,"500,000.00","571,250.00"
John,Nelson,LA Galaxy,D,"275,000.00","291,667.00"
Joseph,Paintsil,LA Galaxy,F,"3,136,000.00","4,182,000.00"
Isaiah,Parente,LA Galaxy,M,"104,000.00","104,000.00"
Jonathan,Pérez,LA Galaxy,F,"300,000.00","333,000.00"
Ricard,Puig Martí,LA Galaxy,M,"5,125,000.00","5,779,688.00"
Christian,Ramirez,LA Galaxy,F,"525,000.00","570,833.00"
Rubén,Ramos,LA Galaxy,M,"80,622.00","80,622.00"
Marco,Reus,LA Galaxy,M,"880,000.00","1,136,667.00"
Lucas,Sanabria,LA Galaxy,M,"592,000.00","694,800.00"
Brady,Scott,LA Galaxy,GK,"104,000.00","104,000.00"
Elijah,Wynder,LA Galaxy,M,"150,000.00","175,333.00"
Miki,Yamane,LA Galaxy,D,"778,000.00","844,667.00"
Maya,Yoshida,LA Galaxy,D,"455,000.00","526,281.00"
Eriq,Zavaleta,LA Galaxy,D,"194,000.00","198,311.00"
Frankie,Amaya,LAFC,M,"574,000.00","574,000.00"
Luca,Bombino,LAFC,D,"80,622.00","80,622.00"
Denis,Bouanga,LAFC,F,"3,020,000.00","3,709,500.00"
Nkosi Tafari,Burgess,LAFC,D,"374,500.00","374,500.00"
Maxime,Chanot,LAFC,D,"400,000.00","400,000.00"
Mark,Delgado,LAFC,M,"1,000,000.00","1,000,000.00"
Lorenzo,Dellavalle,LAFC,D,"104,000.00","107,750.00"
Jeremy,Ebobisse,LAFC,F,"680,000.00","680,000.00"
Adam,Esparza-Saldaña,LAFC,M,"80,622.00","80,622.00"
Olivier,Giroud,LAFC,F,"2,800,000.00","3,675,000.00"
Mario,González,LAFC,F,"850,000.00","850,000.00"
Thomas,Hasal,LAFC,GK,"104,000.00","114,133.00"
Ryan,Hollingshead,LAFC,D,"642,500.00","642,500.00"
Odin,Holm,LAFC,M,"660,000.00","660,000.00"
Igor,Jesus Lima,LAFC,M,"550,000.00","616,684.00"
Hugo,Lloris,LAFC,GK,"700,000.00","700,000.00"
Aaron,Long,LAFC,D,"445,000.00","1,050,000.00"
David,Martínez,LAFC,F,"525,000.00","525,000.00"
Kenny,Nielsen,LAFC,D,"80,622.00","80,622.00"
David,Ochoa,LAFC,GK,"104,000.00","112,333.00"
Nathan,Ordaz,LAFC,F,"146,500.00","149,000.00"
Sergi,Palencia,LAFC,D,"549,996.00","757,496.00"
Marlon,Santos da Silva Barbosa,LAFC,D,"1,000,000.00","1,000,000.00"
Eddie,Segura,LAFC,D,"577,500.00","577,500.00"
Artem,Smolyakov,LAFC,D,"550,000.00","613,297.00"
Jude,Terry,LAFC,M,"80,622.00","117,020.00"
Timothy,Tillman,LAFC,M,"790,000.00","827,500.00"
Cengiz,Ünder,LAFC,F,"1,333,333.32","1,663,889.32"
Adrian,Wibowo,LAFC,F,"80,622.00","80,622.00"
Yaw,Yeboah,LAFC,F,"550,000.00","550,000.00"
Jordan,Adebayo-Smith,Minnesota United,F,"104,000.00","121,220.00"
Michael,Boxall,Minnesota United,D,"700,000.00","827,500.00"
Alejandro,Bran,Minnesota United,M,"225,000.00","225,000.00"
Jefferson,Díaz,Minnesota United,D,"380,000.00","380,000.00"
Hassani,Dotson,Minnesota United,M,"625,000.00","682,500.00"
Morris,Duggan,Minnesota United,D,"80,622.00","80,622.00"
Owen,Gene,Minnesota United,M,"400,000.00","430,100.00"
Julian,Gressel,Minnesota United,M,"1,146,672.00","1,146,672.00"
Carlos,Harvey,Minnesota United,M,"104,000.00","113,627.00"
Bongokuhle,Hlongwane,Minnesota United,F,"1,000,000.00","1,142,500.00"
Sang-bin,Jeong,Minnesota United,F,"630,750.00","737,458.00"
Ho-yeon,Jung,Minnesota United,M,"131,000.00","168,039.00"
Kipp,Keller,Minnesota United,D,"104,000.00","104,000.00"
Matus,Kmet,Minnesota United,D,"195,000.00","212,469.00"
Robin,Lod,Minnesota United,M,"1,550,000.00","1,689,375.00"
Anthony,Markanich Jr.,Minnesota United,D,"104,000.00","104,000.00"
Loïc,Mesanvi,Minnesota United,F,"80,622.00","83,613.00"
Tani,Oluwaseyi,Minnesota United,F,"500,000.00","558,750.00"
Devin,Padelford,Minnesota United,D,"114,000.00","121,000.00"
Joaquín,Pereyra,Minnesota United,M,"655,000.00","754,800.00"
Nicolás,Romero,Minnesota United,D,"420,000.00","457,500.00"
Joseph,Rosales,Minnesota United,D,"535,000.00","579,702.00"
Samuel,Shashoua,Minnesota United,F,"104,000.00","104,833.00"
Alec,Smir,Minnesota United,GK,"104,000.00","104,000.00"
Dayne,St. Clair,Minnesota United,GK,"610,000.00","631,875.00"
D.J.,Taylor,Minnesota United,D,"183,500.00","213,617.00"
Wil,Trapp,Minnesota United,M,"500,000.00","552,500.00"
Kelvin,Yeboah,Minnesota United,F,"1,275,000.00","1,477,200.00"
Sean,Davis,MLS Pool,M,"925,000.00","1,039,000.00"
Bret,Halsey,MLS Pool,D,"104,000.00","104,000.00"
Elliot,Panicco,MLS Pool,GK,"230,000.00","230,000.00"
Missael,Rodríguez,MLS Pool,F,"113,400.00","113,400.00"
Arnaud,Souquet,MLS Pool,D,"620,012.00","699,679.00"
Gyasi,Zardes,MLS Pool,F,"1,200,000.00","1,200,000.00"
Bryan,Acosta,Nashville SC,M,"175,000.00","196,250.00"
Christopher,Applewhite,Nashville SC,D,"80,622.00","90,067.00"
Josh,Bauer,Nashville SC,D,"180,000.00","203,667.00"
Tyler,Boyd,Nashville SC,F,"1,100,000.00","1,105,000.00"
Gastón,Brugman,Nashville SC,M,"1,200,000.00","1,409,000.00"
Teal,Bunbury,Nashville SC,F,"250,000.00","285,000.00"
Matthew,Corcoran,Nashville SC,M,"80,622.00","102,890.00"
Maximus,Ekk,Nashville SC,F,"80,622.00","80,622.00"
Julian,Gaines,Nashville SC,D,"80,622.00","80,622.00"
Isaiah,Jones,Nashville SC,M,"80,622.00","84,622.00"
Daniel,Lovitz,Nashville SC,D,"525,000.00","542,500.00"
Jack,Maher,Nashville SC,D,"800,000.00","895,467.00"
Wyatt,Meyer,Nashville SC,D,"80,622.00","80,622.00"
Hany,Mukhtar,Nashville SC,M,"3,900,000.00","5,311,667.00"
Alex,Muyl,Nashville SC,F,"535,000.00","535,000.00"
Andy,Nájar,Nashville SC,D,"250,000.00","280,000.00"
Woobens,Pacius,Nashville SC,F,"80,622.00","80,622.00"
Jeison,Palacios,Nashville SC,D,"350,000.00","526,667.00"
Ahmed,Qasem,Nashville SC,F,"650,000.00","650,000.00"
Brian,Schwake,Nashville SC,GK,"104,000.00","120,800.00"
Jacob,Shaffelburg,Nashville SC,F,"425,000.00","470,000.00"
Adem,Sipić,Nashville SC,F,"80,622.00","109,448.00"
Sam,Surridge,Nashville SC,F,"2,775,000.04","3,182,639.00"
Edvard,Tagseth,Nashville SC,M,"450,000.00","487,667.00"
Xavier,Valdez,Nashville SC,GK,"80,622.00","90,622.00"
Taylor,Washington,Nashville SC,D,"104,000.00","104,000.00"
Joe,Willis,Nashville SC,GK,"600,000.00","658,333.00"
Patrick,Yazbek,Nashville SC,M,"415,000.00","531,013.00"
Walker,Zimmerman,Nashville SC,D,"3,200,000.00","3,456,979.00"
Tanner,Beason,New England Revolution,D,"325,000.00","325,000.00"
Alex,Bono,New England Revolution,GK,"250,000.00","262,500.00"
Brandon,Bye,New England Revolution,D,"425,000.00","443,813.00"
Leonardo,Campana,New England Revolution,F,"1,250,000.00","1,372,333.00"
Brayan,Ceballos,New England Revolution,D,"725,000.00","805,625.00"
Tomás,Chancalay,New England Revolution,F,"1,000,000.00","1,060,000.00"
Luis,Díaz,New England Revolution,F,"104,000.00","127,333.00"
Andrew,Farrell,New England Revolution,D,"175,000.00","175,000.00"
Ilay,Feingold,New England Revolution,D,"575,000.00","575,000.00"
Mamadou,Fofana,New England Revolution,D,"500,000.00","616,250.00"
Malcolm,Fry,New England Revolution,F,"90,000.00","95,560.00"
Ignatius,Ganago,New England Revolution,F,"1,300,000.00","1,300,000.00"
Carles,Gil,New England Revolution,M,"4,250,000.00","4,702,083.00"
Keegan,Hughes,New England Revolution,D,"104,000.00","104,000.00"
Aljaž,Ivačič,New England Revolution,GK,"540,000.00","625,000.00"
Luca,Langoni,New England Revolution,F,"660,000.00","732,283.00"
Damario,McIntosh,New England Revolution,D,"80,622.00","89,571.00"
Peyton,Miller,New England Revolution,D,"104,000.00","106,000.00"
Allan,Oyirwoth,New England Revolution,M,"104,000.00","120,000.00"
Jack,Panayotou,New England Revolution,M,"117,500.00","119,500.00"
Donovan,Parisian,New England Revolution,GK,"80,622.00","80,622.00"
Matt,Polster,New England Revolution,M,"625,000.00","683,333.00"
Will,Sands,New England Revolution,D,"275,000.00","283,333.00"
Santiago,Suárez,New England Revolution,D,"104,000.00","117,222.00"
Maximiliano,Urruti,New England Revolution,F,"104,000.00","104,000.00"
Jackson,Yueill,New England Revolution,M,"1,086,750.00","1,086,750.00"
Alhassan,Yusuf,New England Revolution,M,"850,000.00","945,311.00"
Wyatt,Omsberg,New England Revolution,D,"125,000.00","137,500.00"
Prince,Amponsah,New York City FC,D,"80,622.00","80,622.00"
Jacob,Arroyave,New York City FC,M,"80,622.00","93,620.00"
Talles Magno,Bacelar Martins,New York City FC,F,"950,000.00","1,065,000.00"
Drew,Baiera,New York City FC,D,"104,000.00","109,936.00"
Monsef,Bakrar,New York City FC,F,"372,000.00","468,720.00"
Máximo,Carrizo,New York City FC,M,"104,000.00","137,523.00"
Nico,Cavallo,New York City FC,D,"80,622.00","82,470.00"
Julián,Fernández,New York City FC,F,"660,000.00","724,300.00"
Matt,Freese,New York City FC,GK,"400,000.00","420,000.00"
Tayvon,Gray,New York City FC,D,"103,992.00","215,492.00"
Justin,Haak,New York City FC,M,"200,004.00","215,004.00"
Mitja,Ilenič,New York City FC,D,"300,000.00","391,700.00"
Malachi,Jones,New York City FC,F,"80,622.00","80,622.00"
Alonso,Martínez,New York City FC,F,"700,000.00","800,333.00"
Thiago,Martins,New York City FC,D,"1,700,000.00","2,162,000.00"
Jovan,Mijatović,New York City FC,F,"650,000.00","687,500.00"
Maxi,Moralez,New York City FC,M,"480,000.00","500,000.00"
Max,Murray,New York City FC,D,"80,622.00","82,470.00"
Kevin,O'Toole,New York City FC,D,"225,000.00","246,667.00"
Agustín,Ojeda,New York City FC,F,"510,000.00","577,833.00"
Keaton,Parks,New York City FC,M,"400,000.00","530,000.00"
Andrés,Perea,New York City FC,M,"660,000.00","726,500.00"
Alex,Rando,New York City FC,GK,"80,622.00","80,622.00"
Greg,Ranjitsingh,New York City FC,GK,"104,000.00","104,000.00"
Birk,Risa,New York City FC,D,"780,000.00","908,250.00"
Tomás,Romero,New York City FC,GK,"104,000.00","104,000.00"
James,Sands,New York City FC,M,"1,250,000.00","1,318,750.00"
Jonathan,Shore,New York City FC,M,"104,000.00","116,500.00"
Strahinja,Tanasijević,New York City FC,D,"270,000.00","338,750.00"
Hannes,Wolf,New York City FC,F,"1,400,000.00","1,510,000.00"
Zidane,Yañez,New York City FC,F,"80,622.00","84,789.00"
Davi,Alexandre,New York Red Bulls,D,"80,622.00","95,332.00"
Wiktor,Bogacz,New York Red Bulls,F,"390,000.00","516,240.00"
Felipe,Carballo,New York Red Bulls,M,"1,050,000.00","1,199,777.00"
Wikelman,Carmona,New York Red Bulls,M,"495,000.00","500,000.00"
Eric-Maxim,Choupo-Moting,New York Red Bulls,F,"3,200,000.00","3,530,667.00"
Carlos,Coronel,New York Red Bulls,GK,"550,000.00","599,649.00"
Ronald,Donkor,New York Red Bulls,M,"140,000.00","165,400.00"
Kyle,Duncan,New York Red Bulls,D,"500,000.00","555,750.00"
Daniel,Edelman,New York Red Bulls,M,"465,000.00","465,000.00"
Raheem,Edwards,New York Red Bulls,D,"375,000.00","414,340.00"
Noah,Eile,New York Red Bulls,D,"440,000.00","493,200.00"
Emil,Forsberg,New York Red Bulls,F,"5,405,000.00","6,035,625.00"
Dennis,Gjengaar,New York Red Bulls,F,"360,000.00","418,769.00"
Alexander,Hack,New York Red Bulls,D,"930,000.00","1,031,400.00"
Julian,Hall,New York Red Bulls,F,"125,000.00","207,241.00"
Cameron,Harper,New York Red Bulls,F,"360,000.00","401,750.00"
Aiden,Jarvis,New York Red Bulls,M,"80,622.00","97,707.00"
AJ,Marcucci,New York Red Bulls,GK,"135,000.00","152,425.00"
Adri,Mehmeti,New York Red Bulls,M,"80,622.00","126,202.00"
Juan,Mina,New York Red Bulls,D,"162,000.00","177,432.00"
Roald,Mitchell,New York Red Bulls,F,"104,000.00","124,408.00"
Marcelo,Morales,New York Red Bulls,D,"300,000.00","447,375.00"
Lewis,Morgan,New York Red Bulls,F,"1,250,000.00","1,479,358.00"
Dylan,Nealis,New York Red Bulls,D,"385,000.00","385,000.00"
Sean,Nealis,New York Red Bulls,D,"550,000.00","626,250.00"
Serge,Ngoma Jr.,New York Red Bulls,F,"165,000.00","193,700.00"
Curtis,Ofori,New York Red Bulls,D,"125,000.00","133,750.00"
Tim,Parker,New York Red Bulls,D,"300,000.00","347,500.00"
Mohammed,Sofo,New York Red Bulls,F,"130,000.00","188,000.00"
Aidan,Stokes,New York Red Bulls,GK,"80,622.00","97,390.00"
Peter,Stroud,New York Red Bulls,M,"125,000.00","145,003.00"
Omar,Valencia,New York Red Bulls,D,"80,622.00","92,997.00"
Tanner,Rosborough,New York Red Bulls,F,"80,622.00","97,640.00"
Iván,Angulo,Orlando City SC,F,"525,000.00","557,660.00"
César,Araújo,Orlando City SC,M,"509,000.00","548,000.00"
Eduard,Atuesta,Orlando City SC,M,"600,000.00","725,000.00"
David,Brekalo,Orlando City SC,D,"600,000.00","683,000.00"
Gustavo,Caraballo,Orlando City SC,F,"80,622.00","86,997.00"
Wilder,Cartagena,Orlando City SC,M,"480,000.00","520,250.00"
Ramiro,Enrique,Orlando City SC,F,"363,636.00","421,363.00"
Alex,Freeman,Orlando City SC,D,"104,000.00","108,000.00"
Pedro,Gallese,Orlando City SC,GK,"960,000.00","1,249,333.00"
Joran,Gerbet,Orlando City SC,M,"80,622.00","80,622.00"
Colin,Guske,Orlando City SC,M,"80,622.00","91,427.00"
Robin,Jansson,Orlando City SC,D,"900,000.00","996,667.00"
Favian,Loyola,Orlando City SC,F,"104,000.00","106,135.00"
Rafael,Lucas Cardoso dos Santos,Orlando City SC,D,"375,000.00","401,188.00"
Duncan,McGuire,Orlando City SC,F,"540,000.00","861,000.00"
Carlos,Mercado,Orlando City SC,GK,"104,000.00","104,000.00"
Shak,Mohammed,Orlando City SC,F,"120,000.00","126,000.00"
Luis,Muriel,Orlando City SC,F,"2,500,000.00","4,003,333.00"
Martín,Ojeda,Orlando City SC,F,"960,000.00","1,032,600.00"
Javier,Otero,Orlando City SC,GK,"120,000.00","123,750.00"
Marco,Pašalić,Orlando City SC,F,"1,600,000.00","1,650,667.00"
Tahir,Reid-Brown,Orlando City SC,D,"104,000.00","118,508.00"
Nicolás,Rodríguez,Orlando City SC,F,"180,000.00","262,000.00"
Rodrigo,Schlegel,Orlando City SC,D,"500,000.00","609,667.00"
Kyle,Smith,Orlando City SC,D,"270,000.00","318,000.00"
Dagur Dan,Thórhallsson,Orlando City SC,M,"364,996.00","411,121.00"
Yutaro,Tsukada,Orlando City SC,F,"80,622.00","80,622.00"
Thomas,Williams,Orlando City SC,D,"150,000.00","163,875.00"
Markus,Anderson,Philadelphia Union,F,"120,000.00","122,000.00"
Tai,Baribo,Philadelphia Union,F,"700,000.00","810,000.00"
Alejandro,Bedoya,Philadelphia Union,M,"104,000.00","204,500.00"
Ben,Bender,Philadelphia Union,M,"140,000.00","150,000.00"
Andre,Blake,Philadelphia Union,GK,"1,000,000.00","1,181,250.00"
Jesús,Bueno,Philadelphia Union,M,"300,000.00","332,625.00"
Bruno,Damiani,Philadelphia Union,F,"600,000.00","726,700.00"
Eddy,Davis III,Philadelphia Union,F,"80,622.00","82,622.00"
Chris,Donovan,Philadelphia Union,F,"180,000.00","200,156.00"
Ian,Glavinovich,Philadelphia Union,D,"400,000.00","425,750.00"
Jakob,Glesnes,Philadelphia Union,D,"1,100,000.00","1,238,125.00"
Nathan,Harriel,Philadelphia Union,D,"290,000.00","312,800.00"
Danley,Jean Jacques,Philadelphia Union,M,"600,000.00","652,100.00"
Isaiah,LeFlore,Philadelphia Union,D,"104,000.00","113,363.00"
Jovan,Lukić,Philadelphia Union,M,"285,000.00","329,875.00"
Olwethu,Makhanya,Philadelphia Union,D,"250,000.00","288,875.00"
Olivier,Mbaizo,Philadelphia Union,D,"430,000.00","472,875.00"
Sal,Olivas,Philadelphia Union,F,"80,622.00","104,702.00"
CJ,Olney Jr.,Philadelphia Union,M,"80,622.00","94,287.00"
Nick,Pariano,Philadelphia Union,M,"80,622.00","85,815.00"
Neil,Pierre,Philadelphia Union,D,"80,622.00","97,020.00"
Nelson,Pierre,Philadelphia Union,F,"104,000.00","118,116.00"
Jeremy,Rafanello,Philadelphia Union,M,"140,000.00","161,125.00"
Andrew,Rick,Philadelphia Union,GK,"80,622.00","90,537.00"
Oliver,Semmle,Philadelphia Union,GK,"150,000.00","166,324.00"
Cavan,Sullivan,Philadelphia Union,M,"200,000.00","364,000.00"
Quinn,Sullivan,Philadelphia Union,M,"450,000.00","518,000.00"
Mikael,Uhre,Philadelphia Union,F,"2,000,000.00","2,240,000.00"
Indiana,Vassilev,Philadelphia Union,F,"350,000.00","381,750.00"
David,Vazquez,Philadelphia Union,M,"104,000.00","119,880.00"
Kai,Wagner,Philadelphia Union,D,"930,000.00","1,088,250.00"
Frankie,Westfield,Philadelphia Union,D,"80,622.00","92,127.00"
Antony,Alves Santos,Portland Timbers,F,"490,000.00","555,342.00"
Miguel,Araujo,Portland Timbers,D,"575,000.00","730,313.00"
David,Ayala,Portland Timbers,M,"425,000.00","477,000.00"
Claudio,Bravo,Portland Timbers,D,"500,000.00","556,654.00"
Diego,Chará,Portland Timbers,M,"725,000.00","725,000.00"
Maxime,Crépeau,Portland Timbers,GK,"585,000.00","648,333.00"
David,Da Costa,Portland Timbers,M,"2,725,000.00","3,425,000.00"
Omir,Fernandez,Portland Timbers,F,"600,000.00","661,875.00"
Jimer,Fory,Portland Timbers,M,"335,000.00","355,000.00"
Kevin,Kelsy,Portland Timbers,F,"612,000.00","752,804.00"
Ariel,Lassiter,Portland Timbers,F,"315,000.00","348,000.00"
Zac,McGraw,Portland Timbers,D,"275,000.00","321,750.00"
Eric,Miller,Portland Timbers,D,"104,000.00","104,000.00"
Kamal,Miller,Portland Timbers,D,"770,004.00","795,004.00"
Felipe,Mora,Portland Timbers,F,"1,275,000.00","1,472,750.00"
Santiago,Moreno,Portland Timbers,F,"625,000.00","678,750.00"
Juan,Mosquera,Portland Timbers,D,"345,000.00","411,650.00"
Trey,Muse,Portland Timbers,GK,"104,000.00","104,000.00"
Joao,Ortiz,Portland Timbers,M,"475,000.00","525,625.00"
James,Pantemis,Portland Timbers,GK,"200,000.00","220,833.00"
Cristhian,Paredes,Portland Timbers,M,"610,000.00","714,000.00"
Jonathan,Rodríguez,Portland Timbers,F,"2,775,000.00","3,627,500.00"
Ian,Smith,Portland Timbers,D,"80,622.00","80,622.00"
Finn,Surman,Portland Timbers,D,"200,000.00","226,983.00"
Dario,Župarić,Portland Timbers,D,"735,000.00","907,950.00"
Hunter,Sulte,Portland Timbers,GK,"135,000.00","138,803.00"
Willy,Agada,Real Salt Lake,F,"500,000.00","546,875.00"
Forster,Ajago,Real Salt Lake,F,"80,622.00","80,622.00"
Owen,Anderson,Real Salt Lake,M,"80,622.00","86,512.00"
Jesus,Barea,Real Salt Lake,F,"80,622.00","82,358.00"
Matthew,Bell,Real Salt Lake,F,"80,622.00","81,068.00"
Lachlan,Brook,Real Salt Lake,F,"252,000.00","274,883.00"
Javain,Brown,Real Salt Lake,D,"300,000.00","313,688.00"
Rafael,Cabral Barbosa,Real Salt Lake,GK,"450,000.00","460,000.00"
Noel,Caliskan,Real Salt Lake,M,"104,000.00","104,000.00"
Emeka,Eneli,Real Salt Lake,M,"375,000.00","416,000.00"
Zack,Farnsworth,Real Salt Lake,D,"80,622.00","80,622.00"
Justen,Glad,Real Salt Lake,D,"1,150,000.00","1,330,000.00"
Diogo,Gonçalves,Real Salt Lake,M,"1,650,000.00","1,797,108.00"
Zavier,Gozo,Real Salt Lake,F,"80,622.00","93,345.00"
Kobi,Henry,Real Salt Lake,D,"104,000.00","107,988.00"
Aiden,Hezarkhani,Real Salt Lake,F,"80,622.00","86,980.00"
Bode,Hidalgo,Real Salt Lake,D,"275,000.00","305,800.00"
Sam,Junqua,Real Salt Lake,D,"300,000.00","312,368.00"
Alexandros,Katranis,Real Salt Lake,D,"425,000.00","494,875.00"
Axel,Kei,Real Salt Lake,F,"140,000.00","156,000.00"
Max,Kerkvliet,Real Salt Lake,GK,"80,622.00","80,622.00"
Kevon,Lambert,Real Salt Lake,M,"200,000.00","218,150.00"
Diego,Luna,Real Salt Lake,M,"450,000.00","499,833.00"
Zac,MacMath,Real Salt Lake,GK,"250,000.00","250,000.00"
Dominik,Marczuk,Real Salt Lake,F,"660,000.00","735,500.00"
Omar,Marquez,Real Salt Lake,F,"80,622.00","96,197.00"
Luca,Moisa,Real Salt Lake,M,"104,000.00","104,000.00"
Braian,Ojeda,Real Salt Lake,M,"650,000.00","708,653.00"
Nelson,Palacio,Real Salt Lake,M,"380,000.00","423,167.00"
Ariath,Piol,Real Salt Lake,F,"282,000.00","336,859.00"
Philip,Quinton,Real Salt Lake,D,"125,000.00","125,000.00"
Luis,Rivera,Real Salt Lake,D,"160,000.00","171,100.00"
Pablo,Ruiz,Real Salt Lake,M,"825,000.00","911,500.00"
Tommy,Silva,Real Salt Lake,D,"80,622.00","86,604.00"
Mason,Stajduhar,Real Salt Lake,GK,"154,000.00","169,650.00"
Brayan,Vera,Real Salt Lake,D,"500,004.00","557,004.00"
Gio,Villa,Real Salt Lake,D,"80,622.00","83,955.00"
Jude,Wellings,Real Salt Lake,M,"140,000.00","160,000.00"
Tyler,Wolff,Real Salt Lake,F,"160,000.00","160,000.00"
Johnny,Russell,Real Salt Lake,F,"300,000.00","325,000.00"
Steve,Birnbaum,Retired,D,"815,000.00","815,000.00"
Alejandro,Alvarado,San Diego FC,M,"80,622.00","88,144.00"
Tomás,Ángel,San Diego FC,F,"325,000.00","443,750.00"
Emmanuel,Boateng,San Diego FC,M,"300,000.00","331,500.00"
Heine Gikling,Bruseth,San Diego FC,M,"200,000.00","242,471.00"
Luca,de la Torre,San Diego FC,M,"1,444,528.00","1,535,331.00"
Hamady,Diop,San Diego FC,D,"115,000.00","122,500.00"
CJ,dos Santos,San Diego FC,GK,"125,000.00","130,300.00"
Anders,Dreyer,San Diego FC,F,"2,117,647.00","2,434,314.00"
Manu,Duah,San Diego FC,D,"80,622.00","84,622.00"
Aníbal,Godoy,San Diego FC,M,"375,000.00","408,333.00"
Milan,Iloski,San Diego FC,F,"156,000.00","156,000.00"
Marcus,Ingvartsen,San Diego FC,F,"1,740,000.00","1,740,000.00"
Jacob,Jackson,San Diego FC,GK,"104,000.00","104,000.00"
Willy,Kumado,San Diego FC,D,"104,000.00","116,435.00"
Jasper,Löffelsend,San Diego FC,M,"255,000.00","280,833.00"
Hirving,Lozano,San Diego FC,F,"6,000,000.00","7,633,333.00"
Paddy,McNair,San Diego FC,D,"700,000.00","762,803.00"
Chris,McVey,San Diego FC,D,"300,000.00","324,167.00"
Alex,Mighten,San Diego FC,F,"250,000.00","257,292.00"
Franco,Negri,San Diego FC,D,"270,000.00","297,500.00"
Ian,Pilcher,San Diego FC,D,"80,622.00","80,622.00"
Andrés,Reyes,San Diego FC,D,"732,000.00","807,000.00"
Anisse,Saidi,San Diego FC,F,"80,622.00","94,512.00"
Pablo,Sisniega,San Diego FC,GK,"104,000.00","130,467.00"
Jeppe,Tverskov,San Diego FC,M,"700,000.00","700,000.00"
Onni,Valakari,San Diego FC,M,"650,000.00","726,800.00"
Cristian,Arango,San Jose Earthquakes,F,"2,000,000.00","2,216,667.00"
Ousseni,Bouda,San Jose Earthquakes,F,"150,000.00","152,500.00"
Noel,Buck,San Jose Earthquakes,M,"115,000.00","115,000.00"
Vítor,Costa,San Jose Earthquakes,D,"375,000.00","413,333.00"
Chance,Cowell,San Jose Earthquakes,F,"104,000.00","104,000.00"
Daniel,de Sousa Britto,San Jose Earthquakes,GK,"700,000.00","742,500.00"
Earl,Edwards Jr.,San Jose Earthquakes,GK,"200,000.00","210,250.00"
Wilson,Eisner,San Jose Earthquakes,D,"80,622.00","80,622.00"
Cristian,Espinoza,San Jose Earthquakes,F,"1,820,000.00","2,002,000.00"
Nick,Fernandez,San Jose Earthquakes,M,"80,622.00","82,526.00"
Max,Floriani,San Jose Earthquakes,D,"80,622.00","83,122.00"
Ian,Harkes,San Jose Earthquakes,M,"450,000.00","450,000.00"
DeJuan,Jones,San Jose Earthquakes,D,"840,000.00","846,250.00"
Preston,Judd,San Jose Earthquakes,F,"185,000.00","185,000.00"
Mark-Anthony,Kaye,San Jose Earthquakes,M,"800,000.00","800,000.00"
Benji,Kikanović,San Jose Earthquakes,F,"367,000.00","403,700.00"
Beau,Leroux,San Jose Earthquakes,M,"80,622.00","82,526.00"
Nick,Lima,San Jose Earthquakes,D,"375,000.00","375,000.00"
Hernán,López,San Jose Earthquakes,M,"850,000.00","1,020,000.00"
Paul,Marie,San Jose Earthquakes,D,"325,000.00","357,500.00"
Josef,Martínez,San Jose Earthquakes,F,"1,300,000.00","1,450,000.00"
Cruz,Medina,San Jose Earthquakes,M,"140,000.00","158,394.00"
Edwyn,Mendoza,San Jose Earthquakes,M,"80,622.00","93,062.00"
Francesco,Montali,San Jose Earthquakes,GK,"104,000.00","107,178.00"
Daniel,Munie,San Jose Earthquakes,D,"104,000.00","104,000.00"
Amahl,Pellegrino,San Jose Earthquakes,F,"850,000.00","912,500.00"
Jamar,Ricketts,San Jose Earthquakes,D,"80,622.00","82,209.00"
Reid,Roberts,San Jose Earthquakes,D,"80,622.00","80,622.00"
Antônio Josenildo,Rodrigues de Oliveira,San Jose Earthquakes,D,"700,000.00","758,000.00"
Dave,Romney,San Jose Earthquakes,D,"858,500.00","938,000.00"
Jack,Skahan,San Jose Earthquakes,M,"175,000.00","175,000.00"
Kaedren,Spivey,San Jose Earthquakes,M,"80,622.00","83,622.00"
Niko,Tsakiris,San Jose Earthquakes,M,"165,000.00","169,167.00"
Oscar,Verhoeven,San Jose Earthquakes,D,"125,000.00","138,395.00"
Bruno,Wilson,San Jose Earthquakes,D,"1,100,000.00","1,218,333.00"
Paul,Arriola,Seattle Sounders FC,F,"1,000,000.00","1,142,500.00"
Cody,Baker,Seattle Sounders FC,D,"104,000.00","109,704.00"
Reed,Baker-Whiting,Seattle Sounders FC,M,"150,000.00","170,000.00"
Jon,Bell,Seattle Sounders FC,D,"135,000.00","135,000.00"
Leo,Burney,Seattle Sounders FC,D,"80,622.00","80,622.00"
Jacob,Castro,Seattle Sounders FC,GK,"104,000.00","104,000.00"
Pedro,de la Vega,Seattle Sounders FC,F,"1,000,000.00","1,379,000.00"
Jesús,Ferreira,Seattle Sounders FC,F,"1,585,227.00","1,828,960.00"
Stefan,Frei,Seattle Sounders FC,GK,"600,000.00","600,000.00"
Yeimar,Gómez Andrade,Seattle Sounders FC,D,"800,000.00","882,500.00"
Stuart,Hawkins,Seattle Sounders FC,D,"104,000.00","116,021.00"
Ryan,Kent,Seattle Sounders FC,F,"936,000.00","959,500.00"
Kee-hee,Kim,Seattle Sounders FC,D,"104,000.00","104,000.00"
Kalani,Kossa-Rienzi,Seattle Sounders FC,D,"80,622.00","80,622.00"
Danny,Leyva,Seattle Sounders FC,M,"325,000.00","349,900.00"
Georgi,Minoungou,Seattle Sounders FC,F,"104,000.00","104,000.00"
João Paulo,Mior,Seattle Sounders FC,M,"600,000.00","625,000.00"
Jordan,Morris,Seattle Sounders FC,F,"2,250,000.00","2,260,000.00"
Danny,Musovski,Seattle Sounders FC,F,"555,000.00","585,303.00"
Jackson,Ragen,Seattle Sounders FC,D,"600,000.00","610,000.00"
Cristian,Roldán,Seattle Sounders FC,M,"1,545,000.00","1,666,000.00"
Álex,Roldán,Seattle Sounders FC,D,"530,000.00","530,000.00"
Paul,Rothrock,Seattle Sounders FC,F,"104,000.00","104,000.00"
Albert,Rusnák,Seattle Sounders FC,F,"2,575,000.00","2,575,000.00"
Travian,Sousa,Seattle Sounders FC,D,"80,622.00","80,622.00"
Andrew,Thomas,Seattle Sounders FC,GK,"200,000.00","200,000.00"
Nouhou,Tolo,Seattle Sounders FC,D,"550,000.00","571,875.00"
Obed,Vargas,Seattle Sounders FC,M,"125,000.00","134,452.00"
Stephen,Afrifa,Sporting Kansas City,F,"104,000.00","104,000.00"
Jacob,Bartlett,Sporting Kansas City,M,"80,622.00","83,622.00"
Zorhan,Bassong,Sporting Kansas City,D,"104,000.00","114,237.00"
Andrew,Brody,Sporting Kansas City,D,"275,000.00","300,678.00"
Jake,Davis,Sporting Kansas City,D,"400,000.00","412,500.00"
Joaquín,Fernández,Sporting Kansas City,D,"1,000,000.00","1,072,083.00"
Manu,García,Sporting Kansas City,M,"2,100,000.00","2,325,313.00"
Ian,James,Sporting Kansas City,D,"80,622.00","85,220.00"
Dejan,Joveljić,Sporting Kansas City,F,"3,000,000.00","3,306,250.00"
Jack,Kortkamp,Sporting Kansas City,GK,"80,622.00","82,622.00"
Tim,Leibold,Sporting Kansas City,D,"925,000.00","926,050.00"
Jansen,Miller,Sporting Kansas City,D,"80,622.00","82,302.00"
Santiago,Muñoz,Sporting Kansas City,F,"300,000.00","335,026.00"
Logan,Ndenbe,Sporting Kansas City,D,"525,000.00","530,000.00"
John,Pulskamp,Sporting Kansas City,GK,"250,000.00","273,500.00"
Nemanja,Radoja,Sporting Kansas City,M,"1,300,000.00","1,390,000.00"
Memo,Rodríguez,Sporting Kansas City,M,"104,000.00","114,966.00"
Dany,Rosero,Sporting Kansas City,D,"530,000.00","530,000.00"
Dániel,Sallói,Sporting Kansas City,F,"1,300,000.00","1,300,000.00"
Ryan,Schewe,Sporting Kansas City,GK,"80,622.00","80,622.00"
Khiry,Shelton,Sporting Kansas City,F,"725,000.00","775,000.00"
Shapi,Suleymanov,Sporting Kansas City,F,"800,000.00","915,028.00"
Erik,Thommy,Sporting Kansas City,M,"1,500,000.00","1,606,250.00"
Mason,Toye,Sporting Kansas City,F,"350,000.00","392,500.00"
Robert,Voloder,Sporting Kansas City,D,"550,000.00","577,860.00"
Rasmus,Alm,St. Louis City SC,F,"279,500.00","343,925.00"
Timo,Baumgartl,St. Louis City SC,D,"550,000.00","643,333.00"
Simon,Becher,St. Louis City SC,F,"138,000.00","159,273.00"
Njabulo,Blom,St. Louis City SC,M,"318,000.00","410,250.00"
Roman,Bürki,St. Louis City SC,GK,"1,575,000.00","1,707,469.00"
Chris,Durkin,St. Louis City SC,M,"475,000.00","520,000.00"
Jake,Girdwood-Reich,St. Louis City SC,M,"242,250.00","281,027.00"
Caden,Glover,St. Louis City SC,F,"104,000.00","109,000.00"
Marcel,Hartel,St. Louis City SC,M,"1,797,600.00","2,183,113.00"
Kyle,Hiebert,St. Louis City SC,D,"240,000.00","269,000.00"
Jannes,Horn,St. Louis City SC,D,"315,000.00","321,667.00"
Mykhi,Joyner,St. Louis City SC,M,"80,622.00","97,902.00"
Henry,Kessler,St. Louis City SC,D,"1,300,000.00","1,333,333.00"
João,Klauss de Mello,St. Louis City SC,F,"1,230,000.00","1,370,284.00"
Eduard,Löwen,St. Louis City SC,M,"1,250,000.00","1,394,250.00"
Ben,Lundt,St. Louis City SC,GK,"160,000.00","172,833.00"
Alfredo,Morales,St. Louis City SC,M,"188,571.00","205,571.00"
Joakim,Nilsson,St. Louis City SC,D,"1,187,250.00","1,255,750.00"
Christian,Olivares,St. Louis City SC,GK,"80,622.00","80,622.00"
Tomas,Ostrák,St. Louis City SC,M,"700,000.00","801,000.00"
Tyson,Pearce,St. Louis City SC,D,"104,000.00","104,000.00"
Miguel,Perez,St. Louis City SC,M,"104,000.00","104,000.00"
Selmir,Pidro,St. Louis City SC,D,"325,000.00","374,375.00"
Célio Antonio,Pompeu Pinheiro Martins,St. Louis City SC,F,"218,250.00","253,144.00"
Jayden,Reid,St. Louis City SC,D,"104,000.00","104,000.00"
Xande,Silva,St. Louis City SC,F,"585,000.00","629,250.00"
Cedric,Teuchert,St. Louis City SC,F,"1,200,000.00","1,342,500.00"
Nökkvi,Thórisson,St. Louis City SC,F,"200,004.00","222,442.00"
Tomáš,Totland,St. Louis City SC,D,"300,000.00","341,763.00"
Conrad,Wallem,St. Louis City SC,M,"448,000.00","499,875.00"
Akil,Watts,St. Louis City SC,D,"104,000.00","104,000.00"
Michael,Wentzel,St. Louis City SC,D,"80,622.00","80,622.00"
Joshua,Yaro,St. Louis City SC,D,"185,000.00","204,500.00"
Joseph,Zalinsky,St. Louis City SC,D,"80,622.00","82,638.00"
Federico,Bernardeschi,Toronto FC,F,"3,125,000.00","6,295,381.00"
Ola,Brynhildsen,Toronto FC,F,"1,380,000.00","1,629,610.00"
Markus,Cimermancic,Toronto FC,M,"80,622.00","94,478.00"
Alonso,Coello,Toronto FC,M,"200,012.00","235,012.00"
Theo,Corbeanu,Toronto FC,F,"365,000.00","411,625.00"
Adisa,De Rosario,Toronto FC,GK,"80,622.00","97,235.00"
Maxime,Dominguez,Toronto FC,M,"235,000.00","337,577.00"
Nathaniel,Edwards,Toronto FC,M,"80,622.00","86,604.00"
Derrick,Etienne Jr.,Toronto FC,F,"745,566.00","745,566.00"
Deybi,Flores,Toronto FC,M,"600,000.00","656,667.00"
Kobe,Franklin,Toronto FC,D,"125,000.00","135,802.00"
Luka,Gavran,Toronto FC,GK,"104,000.00","128,475.00"
Nicksoen,Gomis,Toronto FC,D,"80,622.00","80,622.00"
Lorenzo,Insigne,Toronto FC,F,"7,500,000.00","15,400,000.00"
Sean,Johnson,Toronto FC,GK,"621,250.00","1,063,125.00"
Deandre,Kerr,Toronto FC,F,"120,000.00","125,319.00"
Richie,Laryea,Toronto FC,D,"830,000.00","1,169,438.00"
Kevin,Long,Toronto FC,D,"430,000.00","468,521.00"
Matty,Longstaff,Toronto FC,M,"312,000.00","331,869.00"
Cassius,Mailula,Toronto FC,F,"325,000.00","341,003.00"
Hugo,Mbongue,Toronto FC,F,"135,000.00","146,427.00"
Zane,Monlouis,Toronto FC,D,"115,000.00","127,891.00"
Jonathan,Osorio,Toronto FC,M,"1,000,000.00","1,183,333.00"
Adam,Pearlman,Toronto FC,D,"104,000.00","117,300.00"
Raoul,Petretta,Toronto FC,D,"775,000.00","854,750.00"
Sigurd,Rosted,Toronto FC,D,"800,000.00","805,000.00"
Charlie,Sharp,Toronto FC,F,"80,622.00","80,622.00"
Tyrese,Spicer,Toronto FC,F,"80,622.00","83,122.00"
Lazar,Stefanović,Toronto FC,D,"80,622.00","92,528.00"
Kosi,Thompson,Toronto FC,D,"120,000.00","125,260.00"
Henry,Wingo,Toronto FC,D,"625,000.00","696,031.00"
Sam,Adekugbe,Vancouver Whitecaps,D,"875,000.00","963,000.00"
Ali,Ahmed,Vancouver Whitecaps,M,"150,000.00","159,375.00"
Max,Anchor,Vancouver Whitecaps,GK,"104,000.00","111,442.00"
Jeevan,Badwal,Vancouver Whitecaps,M,"80,622.00","80,622.00"
Sebastian,Berhalter,Vancouver Whitecaps,M,"385,000.00","385,000.00"
Tristan,Blackmon,Vancouver Whitecaps,D,"800,000.00","800,000.00"
Isaac,Boehmer,Vancouver Whitecaps,GK,"104,000.00","104,000.00"
Giuseppe,Bovalina,Vancouver Whitecaps,D,"104,000.00","116,980.00"
Andrés,Cubas,Vancouver Whitecaps,M,"1,050,000.00","1,146,375.00"
Nicolas,Fleuriau Chateau,Vancouver Whitecaps,F,"80,622.00","80,622.00"
Ryan,Gauld,Vancouver Whitecaps,M,"3,500,000.00","3,675,000.00"
Belal,Halbouni,Vancouver Whitecaps,D,"165,000.00","165,000.00"
Tate,Johnson,Vancouver Whitecaps,D,"80,622.00","81,622.00"
Damir,Kreilach,Vancouver Whitecaps,M,"495,000.00","495,000.00"
Mathías,Laborda,Vancouver Whitecaps,D,"900,000.00","1,043,625.00"
Jayden,Nelson,Vancouver Whitecaps,F,"360,000.00","414,000.00"
J.C.,Ngando,Vancouver Whitecaps,M,"104,000.00","104,000.00"
Édier,Ocampo,Vancouver Whitecaps,D,"375,000.00","428,299.00"
Ralph,Priso,Vancouver Whitecaps,M,"104,000.00","118,167.00"
Daniel,Ríos,Vancouver Whitecaps,F,"147,600.00","186,380.00"
Emmanuel,Sabbi,Vancouver Whitecaps,F,"900,000.00","987,750.00"
Yohei,Takaoka,Vancouver Whitecaps,GK,"756,000.00","873,713.00"
Bjørn Inge,Utvik,Vancouver Whitecaps,D,"570,000.00","622,083.00"
Ranko,Veselinović,Vancouver Whitecaps,D,"670,000.00","737,125.00"
Pedro,Vite,Vancouver Whitecaps,M,"676,000.00","729,997.00"
Brian,White,Vancouver Whitecaps,F,"1,000,000.00","1,000,000.00"
Adrián,Zendejas,Vancouver Whitecaps,GK,"104,000.00","104,000.00"
Liam,MacKenzie,Whitecaps FC 2,M,"80,622.00","96,047.00"