firstname,lastname,club,position,basesalary,guaranteedcomp
Aleksey,Miranchuk,ATL,M,"3,600,000.00","4,885,441.00"
Emmanuel,Latte Lath,ATL,F,"3,534,546.00","4,030,546.00"
Jamal,Thiaré,ATL,F,"700,000.00","730,000.00"
Cayman,Togashi,ATL,F,"104,000.00","104,000.00"
Enea,Mihaj,ATL,D,"1,030,000.00","1,372,000.00"
Juan,Berrocal,ATL,D,"1,200,000.00","1,200,000.00"
Stian,Gregersen,ATL,D,"800,000.00","920,000.00"
Noah,Cobb,ATL,D,"109,000.00","109,000.00"
Will,Reilly,ATL,M,"80,622.00","80,622.00"
Cooper,Sanchez,ATL,M,"80,622.00","80,622.00"
Steven,Alzate,ATL,M,"1,125,200.00","1,440,101.00"
Ajani,Fortune,ATL,M,"109,000.00","109,000.00"
Tristan,Muyumba,ATL,M,"550,000.00","591,600.00"
Bartosz,Slisz,ATL,M,"670,000.00","870,000.00"
Adyn,Torres,ATL,M,"80,622.00","80,622.00"
Josh,Cohen,ATL,GK,"289,992.00","328,492.00"
Brad,Guzan,ATL,GK,"300,000.00","312,500.00"
Jayden,Hibbert,ATL,GK,"80,622.00","80,622.00"
Edwin,Mosquera,ATL,F,"425,000.00","455,833.00"
Leo,Afonso,ATL,F,"80,622.00","80,622.00"
Saba,Lobjanidze,ATL,F,"900,000.00","998,750.00"
Dominik,Chong Qui,ATL,D,"80,622.00","80,622.00"
Pedro,Amador,ATL,D,"231,996.00","267,608.00"
Luke,Brennan,ATL,M,"104,000.00","104,000.00"
Miguel,Almirón,ATL,F,"6,056,000.00","7,871,000.00"
Ashton,Gordon,ATL,F,"80,622.00","80,622.00"
Matthew,Edwards,ATL,D,"80,622.00","80,622.00"
Nyk,Sessock,ATL,D,"104,000.00","104,000.00"
Ronald,Hernández,ATL,D,"275,000.00","290,750.00"
Brooks,Lennon,ATL,D,"740,000.00","740,000.00"
Micah,Burton,ATX,M,"104,000.00","115,000.00"
Brandon,Vazquez,ATX,F,"3,200,000.00","3,551,778.00"
Diego,Rubio,ATX,F,"208,000.00","208,000.00"
Brendan,Hines-Ike,ATX,D,"325,000.00","325,000.00"
Julio,Cascante,ATX,D,"780,000.00","853,750.00"
Oleksandr,Svatok,ATX,D,"500,000.00","505,000.00"
Mateja,Djordjević,ATX,D,"337,500.00","347,500.00"
Nicolás,Dubersarsky,ATX,M,"275,000.00","297,986.00"
Besard,Šabović,ATX,M,"550,000.00","550,000.00"
Owen,Wolff,ATX,M,"208,000.00","221,600.00"
Daniel,Pereira,ATX,M,"475,000.00","514,375.00"
Ilie,Sánchez,ATX,M,"600,000.00","600,000.00"
Stefan,Cleveland,ATX,GK,"250,000.00","274,167.00"
Brad,Stuver,ATX,GK,"484,500.00","507,313.00"
Damian,Las,ATX,GK,"125,000.00","125,000.00"
Myrto,Uzuni,ATX,F,"1,520,000.00","2,225,000.00"
CJ,Fodrey,ATX,F,"104,000.00","108,000.00"
Robert,Taylor,ATX,F,"575,000.00","633,333.00"
Guilherme,da Trindade Dubas,ATX,D,"275,000.00","275,000.00"
Žan,Kolmanič,ATX,D,"350,000.00","350,000.00"
Osman,Bukari,ATX,F,"1,500,000.00","1,500,000.00"
Jimmy,Farkarlun,ATX,F,"80,622.00","80,622.00"
Jáder,Obrian,ATX,F,"450,000.00","505,401.00"
Mikkel,Desler,ATX,D,"550,000.00","550,000.00"
Jon,Gallagher,ATX,D,"375,000.00","375,000.00"
Riley,Thomas,ATX,D,"80,622.00","80,622.00"
Bryce,Duke,MTL,M,"350,000.00","431,875.00"
Olger,Escobar,MTL,M,"80,622.00","86,018.00"
Iván,Jaime,MTL,M,"1,800,000.00","1,991,200.00"
Matías,Cóccaro,MTL,F,"800,000.00","888,000.00"
Sunusi,Ibrahim,MTL,F,"350,000.00","410,000.00"
Owen,Graham-Roache,MTL,F,"80,622.00","86,512.00"
Giacomo,Vrioni,MTL,F,"2,000,000.00","2,247,500.00"
Prince,Owusu,MTL,F,"900,000.00","1,007,500.00"
Fernando,Álvarez,MTL,D,"275,000.00","307,500.00"
Brandan,Craig,MTL,D,"80,622.00","90,427.00"
Efraín,Morales,MTL,D,"104,000.00","112,019.00"
Jalen,Neal,MTL,D,"600,000.00","681,250.00"
Matty,Longstaff,MTL,M,"312,000.00","331,869.00"
Victor,Loturi,MTL,M,"80,622.00","92,122.00"
Alessandro,Biello,MTL,M,"80,622.00","80,622.00"
Samuel,Piette,MTL,M,"535,250.00","561,016.00"
Jonathan,Sirois,MTL,GK,"275,000.00","292,625.00"
Thomas,Gillier,MTL,GK,"445,000.00","487,000.00"
Sébastian,Breza,MTL,GK,"104,000.00","104,000.00"
Emil,Gazdov,MTL,GK,"80,622.00","88,769.00"
Dante,Sealy,MTL,F,"104,000.00","122,022.00"
Luca,Petrasso,MTL,D,"104,000.00","119,136.00"
Fabian,Herbers,MTL,F,"400,000.00","440,000.00"
Gennadiy,Synchuk,MTL,F,"600,000.00","606,000.00"
Kwadwo Mahala,Opoku,MTL,F,"458,333.00","598,560.00"
Dawid,Bugaj,MTL,D,"240,000.00","267,600.00"
Yuri,Guboglo,MTL,D,"80,622.00","86,311.00"
Bode,Hidalgo,MTL,D,"275,000.00","305,800.00"
Pep,Biel,CLT,M,"1,300,000.00","1,540,563.00"
Idan,Toklomati,CLT,F,"415,000.00","452,700.00"
Archie,Goodwin,CLT,F,"300,000.00","341,187.00"
Tim,Ream,CLT,D,"1,000,000.00","1,127,750.00"
Adilson,Malanda,CLT,D,"900,000.00","900,000.00"
Jack,Neeley,CLT,D,"104,000.00","106,000.00"
Bill,Tuiloma,CLT,D,"500,000.00","524,938.00"
Andrew,Privett,CLT,D,"220,000.00","251,400.00"
Eryk,Williamson,CLT,M,"775,000.00","775,000.00"
Brandt,Bronico,CLT,M,"350,000.00","389,000.00"
Baye,Coulibaly,CLT,M,"240,000.00","269,500.00"
Djibril,Diani,CLT,M,"300,000.00","337,944.00"
Nikola,Petković,CLT,M,"420,000.00","466,250.00"
Ashley,Westwood,CLT,M,"750,000.00","783,333.00"
David,Bingham,CLT,GK,"104,000.00","104,000.00"
Drake,Callender,CLT,GK,"399,996.00","455,913.00"
Nick,Holliday,CLT,GK,"80,622.00","80,622.00"
Kristijan,Kahlina,CLT,GK,"750,000.00","788,750.00"
Chituru,Odunze,CLT,GK,"104,000.00","117,508.00"
Wilfried,Zaha,CLT,F,"2,666,667.00","2,751,667.00"
Kerwin,Vargas,CLT,F,"600,000.00","683,750.00"
Tyger,Smalls,CLT,F,"80,622.00","80,622.00"
Nimfasha,Berchimas,CLT,F,"110,000.00","124,934.00"
Mikah,Thomas,CLT,D,"80,622.00","81,025.00"
Harry,Toffolo,CLT,D,"900,000.00","1,020,000.00"
Jahlane,Forbes,CLT,D,"80,622.00","80,622.00"
Souleyman,Doumbia,CLT,D,"500,000.00","541,250.00"
Jahkeele,Marshall-Rutty,CLT,M,"375,000.00","423,125.00"
Liel,Abada,CLT,F,"2,400,000.00","2,548,500.00"
Brandon,Cambridge,CLT,F,"125,000.00","133,026.00"
Brian,Romero,CLT,F,"125,000.00","135,833.00"
Nathan,Byrne,CLT,D,"475,000.00","498,750.00"
Nick,Scardina,CLT,D,"104,000.00","104,000.00"
Brian,Gutiérrez,CHI,M,"857,955.00","950,425.00"
Dylan,Borso,CHI,M,"80,622.00","88,622.00"
David,Poreba,CHI,M,"80,622.00","88,747.00"
Robert,Turdean,CHI,M,"80,622.00","113,549.00"
André,Franco,CHI,M,"650,000.00","697,083.00"
Georgios,Koutsias,CHI,F,"470,800.00","470,800.00"
Hugo,Cuypers,CHI,F,"3,238,000.00","3,528,044.00"
Tom,Barlow,CHI,F,"300,000.00","330,000.00"
Dean,Boltz,CHI,F,"80,622.00","82,622.00"
Mauricio,Pineda,CHI,D,"355,012.00","475,169.00"
Jack,Elliott,CHI,D,"914,773.00","1,008,537.00"
Christopher,Cupps,CHI,D,"80,622.00","83,408.00"
Omar,González,CHI,D,"104,000.00","123,333.00"
Sam,Rogers,CHI,D,"120,000.00","143,000.00"
Joel,Waterman,CHI,D,"474,250.00","555,400.00"
Rominigue,Kouamé,CHI,M,"600,000.00","693,755.00"
Sergio,Oregel,CHI,M,"113,400.00","113,400.00"
Kellyn,Acosta,CHI,M,"1,461,796.00","1,628,477.00"
Djé,D'Avilla,CHI,M,"548,004.00","660,490.00"
Sam,Williams,CHI,M,"80,622.00","91,951.00"
Chris,Brady,CHI,GK,"249,996.00","348,329.00"
Bryan,Dowd,CHI,GK,"80,622.00","80,622.00"
Jeff,Gal,CHI,GK,"140,000.00","140,000.00"
Jonathan,Bamba,CHI,F,"5,000,000.00","5,581,806.00"
Andrew,Gutman,CHI,D,"600,000.00","600,000.00"
Chase,Gasper,CHI,D,"575,000.00","600,000.00"
Viktor,Radojević,CHI,D,"300,000.00","307,000.00"
Omari,Glasgow,CHI,M,"104,000.00","117,685.00"
Maren,Haile-Selassie,CHI,M,"388,000.00","427,500.00"
Chris,Mueller,CHI,F,"699,996.00","762,316.00"
Philip,Zinckernagel,CHI,F,"1,450,750.00","1,631,290.00"
Leonardo,Barroso,CHI,D,"300,000.00","345,500.00"
Justin,Reynolds,CHI,D,"104,000.00","104,000.00"
Jonathan,Dean,CHI,D,"130,000.00","138,167.00"
Paxten,Aaronson,COL,M,"2,000,000.00","2,228,063.00"
Cole,Bassett,COL,M,"850,000.00","850,000.00"
Theodore,Ku-DiPietro,COL,M,"400,000.00","456,000.00"
Rafael,Navarro Leal,COL,F,"1,392,000.00","1,449,600.00"
Darren,Yapi,COL,F,"104,000.00","114,833.00"
Nate,Jones,COL,D,"80,622.00","80,622.00"
Michael,Edwards,COL,D,"160,000.00","160,000.00"
Andreas,Maxsø,COL,D,"1,200,000.00","1,392,500.00"
Ian,Murphy,COL,D,"400,000.00","447,500.00"
Rob,Holding,COL,D,"1,200,000.00","1,200,000.00"
Connor,Ronan,COL,M,"490,000.00","542,400.00"
Ali,Fadal,COL,M,"80,622.00","80,622.00"
Wayne,Frederick,COL,M,"104,000.00","104,000.00"
Oliver,Larraz,COL,M,"125,000.00","130,625.00"
Daouda,Amadou,COL,M,"80,622.00","80,622.00"
Josh,Atencio,COL,M,"350,000.00","350,000.00"
Sam,Bassett,COL,M,"80,622.00","80,622.00"
Zack,Steffen,COL,GK,"1,000,000.00","1,000,000.00"
Adam,Beaudry,COL,GK,"104,000.00","106,500.00"
Nicolas,Hansen,COL,GK,"80,622.00","80,622.00"
Kimani,Stewart-Baynes,COL,F,"90,000.00","91,000.00"
Alexis,Manyoma,COL,F,"535,200.00","592,950.00"
Rafael,Santos,COL,D,"375,000.00","401,188.00"
Sam,Vines,COL,D,"900,000.00","912,500.00"
Jackson,Travis,COL,D,"104,000.00","106,500.00"
Bryce,Jamison,COL,F,"104,000.00","116,466.00"
Alex,Harris,COL,F,"80,622.00","82,622.00"
Calvin,Harris,COL,F,"150,000.00","152,000.00"
Reggie,Cannon,COL,D,"750,000.00","841,500.00"
Keegan,Rosenberry,COL,D,"400,000.00","400,000.00"
Diego,Rossi,CLB,M,"2,725,000.00","3,426,827.00"
Dylan,Chambost,CLB,M,"450,000.00","557,219.00"
Dániel,Gazdag,CLB,M,"2,000,004.00","2,597,643.00"
Wessam,Abou Ali,CLB,F,"1,800,000.00","2,157,375.00"
Ibrahim,Aliyu,CLB,F,"474,996.00","526,375.00"
Jacen,Russell-Rowe,CLB,F,"120,000.00","130,789.00"
Yevgen,Cheberko,CLB,D,"610,000.00","658,250.00"
Malte,Amundsen,CLB,D,"624,996.00","697,496.00"
Rudy,Camacho,CLB,D,"525,000.00","601,000.00"
Cesar,Ruvalcaba,CLB,D,"80,622.00","80,622.00"
Taha,Habroune,CLB,M,"104,000.00","116,000.00"
Cole,Mrowka,CLB,M,"80,622.00","100,630.00"
Derrick,Jones,CLB,M,"350,000.00","387,500.00"
Sean,Zawadzki,CLB,M,"400,000.00","446,875.00"
Darlington,Nagbe,CLB,M,"1,425,000.00","1,565,833.00"
Amar,Sejdić,CLB,M,"104,000.00","118,550.00"
Evan,Bush,CLB,GK,"104,000.00","104,000.00"
Nicholas,Hagen,CLB,GK,"104,000.00","122,600.00"
Stanislav,Lapkes,CLB,GK,"80,622.00","99,712.00"
Abraham,Romero,CLB,GK,"104,000.00","104,000.00"
Patrick,Schulte,CLB,GK,"825,000.00","957,083.00"
Hugo,Picard,CLB,M,"675,000.00","731,244.00"
Max,Arfsten,CLB,F,"350,000.00","389,375.00"
Lassi,Lappalainen,CLB,F,"325,000.00","368,750.00"
Tristan,Brown,CLB,D,"80,622.00","84,986.00"
Mohamed,Farsi,CLB,M,"425,000.00","455,000.00"
Steven,Moreira,CLB,D,"820,000.00","902,000.00"
Andrés,Herrera,CLB,D,"650,000.00","737,158.00"
Gabriel,Cordeiro Pirani,DC,M,"725,000.00","791,700.00"
Caden,Clark,DC,M,"375,000.00","407,000.00"
Jackson,Hopkins,DC,M,"104,000.00","104,286.00"
Gavin,Turner,DC,M,"80,622.00","102,856.00"
Dominique,Badji,DC,F,"400,000.00","435,000.00"
Christian,Benteke,DC,F,"4,500,000.00","4,937,500.00"
Kristian,Fletcher,DC,F,"150,000.00","169,509.00"
Jacob,Murrell,DC,F,"80,622.00","80,622.00"
Lucas,Bartlett,DC,D,"450,000.00","510,625.00"
Lukas,MacNaughton,DC,D,"120,000.00","122,100.00"
Kye,Rowles,DC,D,"292,500.00","494,167.00"
Garrison,Tubbs,DC,D,"104,000.00","104,000.00"
Hosei,Kijima,DC,M,"80,622.00","80,622.00"
Brandon,Servania,DC,M,"104,000.00","131,056.00"
Rida,Zouhir,DC,M,"80,622.00","95,362.00"
Boris,Enow,DC,M,"500,000.00","613,900.00"
Matti,Peltola,DC,M,"750,000.00","826,000.00"
Luis,Barraza,DC,GK,"180,000.00","187,688.00"
Jordan,Farr,DC,GK,"104,000.00","109,000.00"
Joon-hong,Kim,DC,GK,"354,000.00","427,000.00"
João Gabriel,Martins Peglow,DC,F,"357,500.00","608,812.00"
Randall,Leal,DC,F,"1,150,000.00","1,265,000.00"
Jared,Stroud,DC,F,"350,000.00","392,500.00"
David,Schnegg,DC,D,"600,000.00","706,250.00"
Hakim,Karamoko,DC,F,"80,622.00","80,622.00"
Conner,Antley,DC,D,"104,000.00","105,667.00"
Derek,Dodson,DC,D,"104,000.00","110,250.00"
Aarón,Herrera,DC,D,"825,000.00","920,220.00"
Yuya,Kubo,CIN,M,"750,000.00","821,667.00"
Gerardo,Valenzuela,CIN,M,"104,000.00","121,542.00"
Evander,da Silva Ferreira,CIN,M,"3,200,000.00","4,736,411.00"
Kévin,Denkey,CIN,F,"3,800,000.00","3,810,000.00"
Ștefan,Chirilă,CIN,F,"80,622.00","95,402.00"
Ayoub,Jabbari,CIN,F,"300,000.00","354,800.00"
Kei,Kamara,CIN,F,"104,000.00","119,000.00"
Kenji,Mboma Dem,CIN,F,"80,622.00","80,622.00"
Brenner,Souza da Silva,CIN,F,"119,259.00","280,120.00"
Gilberto,Flores,CIN,D,"364,992.00","411,664.00"
Teenage,Hadebe,CIN,D,"960,000.00","1,110,000.00"
Nick,Hagglund,CIN,D,"250,000.00","266,667.00"
Matt,Miazga,CIN,D,"1,575,000.00","1,575,000.00"
Miles,Robinson,CIN,D,"1,503,411.00","1,650,171.00"
Tah,Anunga,CIN,M,"104,000.00","116,500.00"
Pavel,Bucha,CIN,M,"474,996.00","523,778.00"
Samuel,Gidi,CIN,M,"540,000.00","611,050.00"
Stiven,Jimenez,CIN,M,"104,000.00","104,000.00"
Obinna,Nwobodo,CIN,M,"982,350.00","1,241,250.00"
Alec,Kann,CIN,GK,"192,500.00","192,500.00"
Evan,Louro,CIN,GK,"104,000.00","109,000.00"
Paul,Walters,CIN,GK,"104,000.00","111,967.00"
Roman,Celentano,CIN,GK,"425,000.00","474,000.00"
Álvaro,Barreal,CIN,F,"755,000.00","917,238.00"
Lukas,Engel,CIN,D,"750,000.00","825,781.00"
Brad,Smith,CIN,D,"104,000.00","114,000.00"
Ender,Echenique,CIN,F,"324,000.00","414,180.00"
Dominik,Marczuk,CIN,F,"660,000.00","735,500.00"
Luca,Orellano,CIN,F,"600,000.00","943,950.00"
Alvas,Powell,CIN,D,"275,000.00","319,500.00"
Tsiki,Ntsabeleng,DAL,M,"200,000.00","227,000.00"
Paxton,Pomykal,DAL,M,"1,050,000.00","1,158,000.00"
Logan,Farrington,DAL,F,"104,000.00","141,493.00"
Petar,Musa,DAL,F,"2,250,000.00","2,680,000.00"
Diego,Pepi,DAL,F,"80,622.00","80,622.00"
Sebastien,Ibeagha,DAL,D,"675,000.00","738,625.00"
Álvaro,Augusto,DAL,D,"80,622.00","92,740.00"
Lalas,Abubakar,DAL,D,"410,000.00","445,000.00"
Osaze,Urhoghide,DAL,D,"580,000.00","643,982.00"
Diego,García,DAL,M,"80,622.00","94,263.00"
Alejandro,Urzua,DAL,M,"80,622.00","80,622.00"
Tomas,Pondeca,DAL,M,"80,622.00","80,622.00"
Ramiro,Moschen Benetti,DAL,M,"500,000.00","500,000.00"
Christian,Cappis,DAL,M,"242,000.00","242,000.00"
Sebastian,Lletget,DAL,M,"800,000.00","891,250.00"
Carl,Sainté,DAL,M,"80,622.00","80,622.00"
Kaick,da Silva Ferreira,DAL,M,"150,000.00","201,900.00"
Patrickson,Delgado,DAL,M,"234,000.00","260,280.00"
Michael,Collodi,DAL,GK,"104,000.00","116,425.00"
Jacob,Jackson,DAL,GK,"104,000.00","104,000.00"
Maarten,Paes,DAL,GK,"450,000.00","522,000.00"
Enes,Sali,DAL,F,"325,000.00","370,000.00"
Tarik,Scott,DAL,F,"140,000.00","155,942.00"
Nolan,Norris,DAL,D,"125,000.00","143,642.00"
Joshua,Torquato,DAL,D,"80,622.00","88,622.00"
Louicius,Deedson,DAL,F,"280,000.00","330,319.00"
Daniel,Baran,DAL,F,"80,622.00","94,838.00"
Pedro Henrique,Fonseca de Araújo Martins,DAL,F,"104,000.00","104,000.00"
Anderson,Julio,DAL,F,"750,000.00","820,000.00"
Bernard,Kamungo,DAL,F,"225,000.00","256,000.00"
Anthony,Ramírez,DAL,F,"80,622.00","80,622.00"
Sam,Sarver,DAL,F,"80,622.00","80,622.00"
Geovane,de Jesus Rocha,DAL,D,"350,000.00","397,000.00"
Herbert,Endeley,DAL,D,"104,000.00","104,000.00"
Malachi,Molina,DAL,D,"80,622.00","93,338.00"
Enzo,Newman,DAL,D,"80,622.00","80,622.00"
Shaq,Moore,DAL,D,"700,000.00","770,000.00"
Sebastian,Kowalczyk,HOU,M,"525,000.00","594,618.00"
Ondrej,Lingr,HOU,M,"800,004.00","888,082.00"
Amine,Bassi,HOU,M,"700,000.00","700,000.00"
Toyosi,Olusanya,HOU,F,"318,000.00","363,219.00"
Stephen Annor,Gyamfi,HOU,F,"90,000.00","103,750.00"
Sergio,Santos,HOU,F,"825,000.00","940,625.00"
Gabriel,Segal,HOU,F,"104,000.00","104,000.00"
Ezequiel,Ponce,HOU,F,"2,590,000.00","2,852,200.00"
Femi,Awodesu,HOU,D,"80,622.00","89,089.00"
Antônio Carlos,Cunha Capocasali Junior,HOU,D,"699,996.00","782,672.00"
Felipe,de Andrade Vieira,HOU,D,"180,000.00","207,500.00"
Daniel,Steres,HOU,D,"300,000.00","323,438.00"
Erik,Sviatchenko,HOU,D,"750,000.00","825,000.00"
Ethan,Bartlow,HOU,D,"275,000.00","275,000.00"
Pablo,Ortiz,HOU,D,"400,000.00","443,400.00"
Damion,Lowe,HOU,D,"200,000.00","233,333.00"
Ocimar,de Almeida Júnior,HOU,M,"104,000.00","123,533.00"
Érik,Dueñas,HOU,M,"150,000.00","170,625.00"
Jack,McGlynn,HOU,M,"265,000.00","399,320.00"
Sebastián,Rodríguez,HOU,M,"80,622.00","89,272.00"
Brooklyn,Raines,HOU,M,"125,000.00","143,063.00"
Jefferson,Valverde,HOU,M,"249,996.00","291,657.00"
José Artur,de Lima Júnior,HOU,M,"810,000.00","893,375.00"
Diadié,Samassékou,HOU,M,"714,996.00","771,871.00"
Andrew,Tarbell,HOU,GK,"400,000.00","430,000.00"
Blake,Gillingham,HOU,GK,"80,622.00","80,622.00"
Jimmy,Maurer,HOU,GK,"200,000.00","200,000.00"
Jonathan,Bond,HOU,GK,"400,000.00","459,704.00"
Nelson,Quiñónes,HOU,F,"252,000.00","272,894.00"
Lawrence,Ennali,HOU,F,"475,000.00","549,250.00"
Kieran,Sargeant,HOU,D,"104,000.00","106,193.00"
Duane,Holmes,HOU,M,"300,000.00","378,000.00"
Exon,Arzú,HOU,F,"104,000.00","108,598.00"
Franco,Escobar,HOU,D,"550,000.00","599,167.00"
Michael,Halliday,HOU,D,"250,000.00","277,500.00"
Griffin,Dorsey,HOU,D,"590,000.00","696,333.00"
Baltasar,Rodríguez,MIA,M,"440,000.00","440,000.00"
Luis,Suárez,MIA,F,"1,500,000.00","1,500,000.00"
Allen,Obando,MIA,F,"500,000.00","620,833.00"
Tomás,Avilés,MIA,D,"439,992.00","467,492.00"
Maximiliano,Falcón,MIA,D,"450,000.00","524,250.00"
Ian,Fray,MIA,D,"150,000.00","150,000.00"
Tyler,Hall,MIA,D,"104,000.00","104,000.00"
Gonzalo,Luján,MIA,D,"526,500.00","818,250.00"
Ryan,Sailor,MIA,D,"104,000.00","104,000.00"
Benja,Cremaschi,MIA,M,"400,000.00","502,500.00"
Rodrigo,De Paul,MIA,M,"1,500,000.00","3,619,320.00"
Santiago,Morales,MIA,M,"104,000.00","112,333.00"
Telasco,Segovia,MIA,M,"300,000.00","335,000.00"
Yannick,Bright,MIA,M,"80,622.00","83,647.00"
Sergio,Busquets,MIA,M,"8,499,996.00","8,774,996.00"
David,Ruíz,MIA,M,"104,000.00","135,887.00"
Rocco,Ríos Novo,MIA,GK,"104,000.00","122,866.00"
Óscar,Ustari,MIA,GK,"696,000.00","744,000.00"
William,Yarbrough,MIA,GK,"150,000.00","150,000.00"
Fafà,Picault,MIA,F,"600,000.00","642,000.00"
Jordi,Alba,MIA,D,"6,000,000.00","6,000,000.00"
Noah,Allen,MIA,D,"125,000.00","184,653.00"
Tadeo,Allende,MIA,F,"1,000,000.00","1,000,000.00"
Lionel,Messi,MIA,F,"12,000,000.00","20,446,667.00"
Mateo,Silvetti,MIA,F,"490,000.00","547,078.00"
Israel,Boatwright,MIA,D,"104,000.00","106,000.00"
Marcelo,Weigandt,MIA,D,"500,000.00","734,708.00"
Marco,Reus,LA,M,"880,000.00","1,136,667.00"
Rubén,Ramos,LA,M,"80,622.00","80,622.00"
Miguel,Berry,LA,F,"225,000.00","231,667.00"
Christian,Ramirez,LA,F,"525,000.00","570,833.00"
Matheus,Nascimento de Paula,LA,F,"500,000.00","571,250.00"
Ascel,Essengue,LA,D,"80,622.00","80,622.00"
Mathias,Jørgensen,LA,D,"600,000.00","600,000.00"
Chris,Rindov,LA,D,"80,622.00","89,372.00"
Maya,Yoshida,LA,D,"455,000.00","526,281.00"
Eriq,Zavaleta,LA,D,"194,000.00","198,311.00"
Carlos,Garcés,LA,D,"429,999.96","468,000.00"
Isaiah,Parente,LA,M,"104,000.00","104,000.00"
Ricard,Puig Martí,LA,M,"5,125,000.00","5,779,688.00"
Elijah,Wynder,LA,M,"150,000.00","175,333.00"
Lucas,Sanabria,LA,M,"592,000.00","694,800.00"
Edwin,Cerrillo,LA,M,"525,000.00","537,500.00"
Tucker,Lepley,LA,M,"80,622.00","82,308.00"
JT,Marcinkowski,LA,GK,"250,000.00","250,000.00"
Brady,Scott,LA,GK,"104,000.00","104,000.00"
Novak,Mićović,LA,GK,"175,000.00","175,000.00"
Gino,Vivi,LA,F,"104,000.00","104,000.00"
Diego,Fagúndez,LA,F,"1,250,000.00","1,310,000.00"
Julián,Aude,LA,D,"350,000.00","360,000.00"
John,Nelson,LA,D,"275,000.00","291,667.00"
Joseph,Paintsil,LA,F,"3,136,000.00","4,182,000.00"
Gabriel,Fortes Chaves,LA,F,"1,680,000.00","2,459,000.00"
Mauricio,Cuevas,LA,D,"150,000.00","168,500.00"
Harbor,Miller,LA,D,"80,622.00","80,622.00"
Miki,Yamane,LA,D,"778,000.00","844,667.00"
Andrew,Moran,LAFC,M,"666,667.00","691,111.00"
Nathan,Ordaz,LAFC,F,"146,500.00","149,000.00"
Jeremy,Ebobisse,LAFC,F,"680,000.00","680,000.00"
Aaron,Long,LAFC,D,"445,000.00","1,050,000.00"
Lorenzo,Dellavalle,LAFC,D,"104,000.00","107,750.00"
Kenny,Nielsen,LAFC,D,"80,622.00","80,622.00"
Ryan,Porteous,LAFC,D,"720,000.00","755,260.00"
Eddie,Segura,LAFC,D,"577,500.00","577,500.00"
Nkosi Tafari,Burgess,LAFC,D,"374,500.00","374,500.00"
Mathieu,Choinière,LAFC,M,"698,780.00","698,780.00"
Frankie,Amaya,LAFC,M,"574,000.00","574,000.00"
Mark,Delgado,LAFC,M,"1,000,000.00","1,000,000.00"
Odin,Holm,LAFC,M,"660,000.00","660,000.00"
Jude,Terry,LAFC,M,"80,622.00","117,020.00"
Timothy,Tillman,LAFC,M,"790,000.00","846,400.00"
Igor,Jesus Lima,LAFC,M,"550,000.00","616,684.00"
Adam,Saldaña,LAFC,M,"80,622.00","80,622.00"
Jailson,Marques Siqueira,LAFC,M,"1,200,000.00","1,317,444.00"
Hugo,Lloris,LAFC,GK,"700,000.00","700,000.00"
Thomas,Hasal,LAFC,GK,"104,000.00","114,133.00"
David,Ochoa,LAFC,GK,"104,000.00","112,333.00"
Ryan,Raposo,LAFC,M,"180,000.00","180,000.00"
Heung-min,Son,LAFC,F,"10,368,750.00","11,152,852.00"
Denis,Bouanga,LAFC,F,"3,020,000.00","3,709,500.00"
Artem,Smolyakov,LAFC,D,"550,000.00","613,297.00"
Ryan,Hollingshead,LAFC,D,"642,500.00","642,500.00"
Yaw,Yeboah,LAFC,F,"550,000.00","550,000.00"
David,Martínez,LAFC,F,"525,000.00","525,000.00"
Adrian,Wibowo,LAFC,F,"80,622.00","80,622.00"
Alexandru,Băluță,LAFC,F,"720,000.00","768,900.00"
Sergi,Palencia,LAFC,D,"549,996.00","569,996.00"
Dominik,Fitz,MNUFC,M,"850,000.00","853,000.00"
Alexis,Fariña,MNUFC,M,"104,000.00","172,500.00"
Jordan,Adebayo-Smith,MNUFC,F,"104,000.00","121,220.00"
Mamadou,Dieng,MNUFC,F,"80,622.00","83,769.00"
Kelvin,Yeboah,MNUFC,F,"1,275,000.00","1,477,200.00"
Morris,Duggan,MNUFC,D,"80,622.00","80,622.00"
Nicolás,Romero,MNUFC,D,"420,000.00","457,500.00"
Kipp,Keller,MNUFC,D,"104,000.00","104,000.00"
Jefferson,Díaz,MNUFC,D,"380,000.00","380,000.00"
Michael,Boxall,MNUFC,D,"700,000.00","827,500.00"
Alejandro,Bran,MNUFC,M,"104,000.00","104,000.00"
Ho-yeon,Jung,MNUFC,M,"131,000.00","168,039.00"
Robin,Lod,MNUFC,M,"1,550,000.00","1,689,375.00"
Owen,Gene,MNUFC,M,"400,000.00","430,100.00"
Joaquín,Pereyra,MNUFC,M,"655,000.00","844,000.00"
Hassani,Dotson,MNUFC,M,"625,000.00","682,500.00"
Nectarios,Triantis,MNUFC,M,"660,000.00","722,665.00"
Carlos,Harvey,MNUFC,M,"104,000.00","113,627.00"
Wil,Trapp,MNUFC,M,"500,000.00","552,500.00"
Wessel,Speel,MNUFC,GK,"80,622.00","80,622.00"
Alec,Smir,MNUFC,GK,"104,000.00","104,000.00"
Dayne,St. Clair,MNUFC,GK,"610,000.00","631,875.00"
Samuel,Shashoua,MNUFC,F,"104,000.00","104,833.00"
Loïc,Mesanvi,MNUFC,F,"80,622.00","83,613.00"
Kenyel,Michel,MNUFC,F,"104,000.00","104,000.00"
Kieran,Chandler,MNUFC,D,"80,622.00","80,622.00"
Anthony,Markanich Jr.,MNUFC,D,"104,000.00","104,000.00"
Joseph,Rosales,MNUFC,D,"535,000.00","579,702.00"
Julian,Gressel,MNUFC,M,"1,146,672.00","1,146,672.00"
Darius,Randell,MNUFC,F,"80,622.00","91,016.00"
Bongokuhle,Hlongwane,MNUFC,F,"1,000,000.00","1,142,500.00"
Matus,Kmet,MNUFC,D,"195,000.00","212,469.00"
D.J.,Taylor,MNUFC,D,"183,500.00","213,617.00"
Gyasi,Zardes,MLS,F,"1,200,000.00","1,200,000.00"
Maximiliano,Urruti,MLS,F,"104,000.00","104,000.00"
Missael,Rodríguez,MLS,F,"113,400.00","113,400.00"
Axel,Kei,MLS,F,"140,000.00","156,000.00"
Dany,Rosero,MLS,D,"530,000.00","530,000.00"
Joakim,Nilsson,MLS,D,"1,187,250.00","1,255,750.00"
Sean,Davis,MLS,M,"925,000.00","1,039,000.00"
Aljaž,Ivačič,MLS,GK,"540,000.00","625,000.00"
Elliot,Panicco,MLS,GK,"230,000.00","230,000.00"
Bret,Halsey,MLS,D,"104,000.00","104,000.00"
Hany,Mukhtar,NSH,M,"3,900,000.00","5,311,667.00"
Woobens,Pacius,NSH,F,"80,622.00","80,622.00"
Teal,Bunbury,NSH,F,"250,000.00","285,000.00"
Maximus,Ekk,NSH,F,"80,622.00","80,622.00"
Adem,Sipić,NSH,F,"80,622.00","109,448.00"
Sam,Surridge,NSH,F,"2,775,000.04","3,208,139.00"
Jeison,Palacios,NSH,D,"350,000.00","526,667.00"
Christopher,Applewhite,NSH,D,"80,622.00","90,067.00"
Josh,Bauer,NSH,D,"180,000.00","203,667.00"
Jack,Maher,NSH,D,"800,000.00","895,467.00"
Wyatt,Meyer,NSH,D,"80,622.00","80,622.00"
Walker,Zimmerman,NSH,D,"3,200,000.00","3,456,979.00"
Bryan,Acosta,NSH,M,"175,000.00","196,250.00"
Patrick,Yazbek,NSH,M,"415,000.00","531,013.00"
Isaiah,Jones,NSH,M,"80,622.00","84,622.00"
Edvard,Tagseth,NSH,M,"450,000.00","487,667.00"
Gastón,Brugman,NSH,M,"1,200,000.00","1,409,000.00"
Matthew,Corcoran,NSH,M,"80,622.00","102,890.00"
Brian,Schwake,NSH,GK,"104,000.00","120,800.00"
Xavier,Valdez,NSH,GK,"80,622.00","90,622.00"
Joe,Willis,NSH,GK,"600,000.00","658,333.00"
Tyler,Boyd,NSH,F,"1,100,000.00","1,105,000.00"
Jonathan,Pérez,NSH,F,"400,000.00","470,956.00"
Jacob,Shaffelburg,NSH,F,"425,000.00","470,000.00"
Jordan,Knight,NSH,D,"80,622.00","86,455.00"
Daniel,Lovitz,NSH,D,"525,000.00","542,500.00"
Tate,Schmitt,NSH,D,"104,000.00","104,000.00"
Taylor,Washington,NSH,D,"104,000.00","104,000.00"
Ahmed,Qasem,NSH,F,"650,000.00","650,000.00"
Alex,Muyl,NSH,F,"535,000.00","535,000.00"
Andy,Nájar,NSH,D,"250,000.00","280,000.00"
Julian,Gaines,NSH,D,"80,622.00","80,622.00"
Carles,Gil,NE,M,"4,250,000.00","4,702,083.00"
Allan,Oyirwoth,NE,M,"104,000.00","120,000.00"
Ignatius,Ganago,NE,F,"1,300,000.00","1,300,000.00"
Leonardo,Campana,NE,F,"1,250,000.00","1,372,333.00"
Dor,Turgeman,NE,F,"740,000.00","740,000.00"
Tanner,Beason,NE,D,"325,000.00","325,000.00"
Andrew,Farrell,NE,D,"175,000.00","175,000.00"
Keegan,Hughes,NE,D,"104,000.00","104,000.00"
Eric,Klein,NE,D,"80,622.00","86,899.00"
Santiago,Suárez,NE,D,"104,000.00","117,222.00"
Mamadou,Fofana,NE,D,"500,000.00","616,250.00"
Brayan,Ceballos,NE,D,"725,000.00","805,625.00"
Wyatt,Omsberg,NE,D,"125,000.00","137,500.00"
Jack,Panayotou,NE,M,"117,500.00","119,500.00"
Alhassan,Yusuf,NE,M,"850,000.00","945,311.00"
Jackson,Yueill,NE,M,"1,086,750.00","1,086,750.00"
Matt,Polster,NE,M,"625,000.00","683,333.00"
Alex,Bono,NE,GK,"250,000.00","262,500.00"
Donovan,Parisian,NE,GK,"80,622.00","80,622.00"
Matt,Turner,NE,GK,"1,776,136.00","1,942,886.00"
Tomás,Chancalay,NE,F,"1,000,000.00","1,060,000.00"
Peyton,Miller,NE,D,"104,000.00","106,000.00"
Will,Sands,NE,D,"275,000.00","283,333.00"
Malcolm,Fry,NE,F,"90,000.00","95,560.00"
Luca,Langoni,NE,F,"660,000.00","732,283.00"
Damario,McIntosh,NE,D,"80,622.00","89,571.00"
Brandon,Bye,NE,D,"425,000.00","443,813.00"
Ilay,Feingold,NE,D,"575,000.00","575,000.00"
Maxi,Moralez,NYC,M,"480,000.00","500,000.00"
Nicolás,Fernández Mercau,NYC,M,"3,650,000.00","3,650,000.00"
Jovan,Mijatović,NYC,F,"650,000.00","687,500.00"
Alonso,Martínez,NYC,F,"700,000.00","800,333.00"
Seymour,Reid,NYC,F,"80,622.00","95,437.00"
Zidane,Yáñez,NYC,F,"80,622.00","84,789.00"
Prince,Amponsah,NYC,D,"80,622.00","80,622.00"
Max,Murray,NYC,D,"80,622.00","82,470.00"
Strahinja,Tanasijević,NYC,D,"270,000.00","338,750.00"
Thiago,Martins,NYC,D,"1,700,000.00","2,162,000.00"
Raul Gustavo,Pereira Bicalho,NYC,D,"720,000.00","812,960.00"
Jacob,Arroyave,NYC,M,"80,622.00","93,620.00"
Máximo,Carrizo,NYC,M,"104,000.00","137,523.00"
Jonathan,Shore,NYC,M,"104,000.00","116,500.00"
Justin,Haak,NYC,M,"225,003.96","265,833.00"
James,Sands,NYC,M,"1,250,000.00","1,318,750.00"
Aiden,O'Neill,NYC,M,"540,000.00","570,938.00"
Keaton,Parks,NYC,M,"400,000.00","530,000.00"
Andrés,Perea,NYC,M,"660,000.00","726,500.00"
Matt,Freese,NYC,GK,"400,000.00","491,667.00"
Alex,Rando,NYC,GK,"80,622.00","80,622.00"
Greg,Ranjitsingh,NYC,GK,"104,000.00","104,000.00"
Tomás,Romero,NYC,GK,"104,000.00","104,000.00"
Talles Magno,Bacelar Martins,NYC,F,"950,000.00","1,065,000.00"
Malachi,Jones,NYC,F,"80,622.00","80,622.00"
Agustín,Ojeda,NYC,F,"510,000.00","577,833.00"
Nico,Cavallo,NYC,D,"80,622.00","82,470.00"
Kevin,O'Toole,NYC,D,"225,000.00","246,667.00"
Julián,Fernández,NYC,F,"660,000.00","724,300.00"
Hannes,Wolf,NYC,F,"1,400,000.00","1,510,000.00"
Drew,Baiera,NYC,D,"104,000.00","109,936.00"
Mitja,Ilenič,NYC,D,"300,000.00","391,700.00"
Tayvon,Gray,NYC,D,"103,992.00","215,492.00"
Wikelman,Carmona,RBNY,M,"495,000.00","500,000.00"
Wiktor,Bogacz,RBNY,F,"390,000.00","516,240.00"
Roald,Mitchell,RBNY,F,"104,000.00","124,408.00"
Tanner,Rosborough,RBNY,F,"80,622.00","97,640.00"
Julian,Hall,RBNY,F,"125,000.00","207,241.00"
Eric-Maxim,Choupo-Moting,RBNY,F,"3,200,000.00","3,530,667.00"
Noah,Eile,RBNY,D,"440,000.00","493,200.00"
Sean,Nealis,RBNY,D,"550,000.00","626,250.00"
Alexander,Hack,RBNY,D,"930,000.00","1,031,400.00"
Tim,Parker,RBNY,D,"300,000.00","347,500.00"
Adri,Mehmeti,RBNY,M,"80,622.00","126,202.00"
Peter,Stroud,RBNY,M,"125,000.00","145,003.00"
Ronald,Donkor,RBNY,M,"140,000.00","165,400.00"
Aiden,Jarvis,RBNY,M,"80,622.00","97,707.00"
Daniel,Edelman,RBNY,M,"465,000.00","465,000.00"
Gustav,Berggren,RBNY,M,"999,996.00","1,109,996.00"
Carlos,Coronel,RBNY,GK,"550,000.00","599,649.00"
AJ,Marcucci,RBNY,GK,"135,000.00","152,425.00"
John,McCarthy,RBNY,GK,"452,000.00","474,600.00"
Aidan,Stokes,RBNY,GK,"80,622.00","97,390.00"
Lewis,Morgan,RBNY,F,"1,250,000.00","1,479,358.00"
Mohammed,Sofo,RBNY,F,"130,000.00","188,000.00"
Andy,Rojas,RBNY,F,"129,996.00","147,327.00"
Emil,Forsberg,RBNY,F,"5,405,000.00","6,035,625.00"
Rafael,Mosquera,RBNY,F,"80,622.00","92,522.00"
Raheem,Edwards,RBNY,D,"375,000.00","414,340.00"
Marcelo,Morales,RBNY,D,"300,000.00","447,375.00"
Omar,Valencia,RBNY,D,"80,622.00","92,997.00"
Curtis,Ofori,RBNY,D,"125,000.00","133,750.00"
Dennis,Gjengaar,RBNY,F,"360,000.00","418,769.00"
Cameron,Harper,RBNY,F,"360,000.00","401,750.00"
Serge,Ngoma Jr.,RBNY,F,"165,000.00","193,700.00"
Juan,Mina,RBNY,D,"162,000.00","177,432.00"
Dylan,Nealis,RBNY,D,"385,000.00","385,000.00"
Kyle,Duncan,RBNY,D,"500,000.00","555,750.00"
Martín,Ojeda,ORL,M,"960,000.00","1,032,600.00"
Luis,Muriel,ORL,F,"2,500,000.00","4,003,333.00"
Favian,Loyola,ORL,F,"104,000.00","106,135.00"
Duncan,McGuire,ORL,F,"540,000.00","861,000.00"
David,Brekalo,ORL,D,"600,000.00","683,000.00"
Robin,Jansson,ORL,D,"900,000.00","996,667.00"
Thomas,Williams,ORL,D,"150,000.00","163,875.00"
Rodrigo,Schlegel,ORL,D,"500,000.00","609,667.00"
Eduard,Atuesta,ORL,M,"600,000.00","725,000.00"
Wilder,Cartagena,ORL,M,"480,000.00","520,250.00"
Joran,Gerbet,ORL,M,"80,622.00","80,622.00"
Colin,Guske,ORL,M,"80,622.00","91,427.00"
Zakaria,Taifi,ORL,M,"80,622.00","92,520.00"
César,Araújo,ORL,M,"509,000.00","548,000.00"
Pedro,Gallese,ORL,GK,"960,000.00","1,249,333.00"
Carlos,Mercado,ORL,GK,"104,000.00","104,000.00"
Javier,Otero,ORL,GK,"120,000.00","123,750.00"
Iván,Angulo,ORL,F,"525,000.00","557,660.00"
Tyrese,Spicer,ORL,F,"80,622.00","83,122.00"
Yutaro,Tsukada,ORL,F,"80,622.00","80,622.00"
Tahir,Reid-Brown,ORL,D,"104,000.00","118,508.00"
Adrián,Marín,ORL,D,"325,000.00","377,972.00"
Gustavo,Caraballo,ORL,F,"80,622.00","86,997.00"
Shak,Mohammed,ORL,F,"120,000.00","126,000.00"
Nicolás,Rodríguez,ORL,F,"180,000.00","200,500.00"
Marco,Pašalić,ORL,F,"1,600,000.00","1,650,667.00"
Alex,Freeman,ORL,D,"104,000.00","108,000.00"
Kyle,Smith,ORL,D,"270,000.00","318,000.00"
Dagur Dan,Thórhallsson,ORL,D,"364,996.00","411,121.00"
Jeremy,Rafanello,PHI,M,"140,000.00","161,125.00"
Cavan,Sullivan,PHI,M,"200,000.00","364,000.00"
Tai,Baribo,PHI,F,"700,000.00","810,000.00"
Markus,Anderson,PHI,F,"120,000.00","122,000.00"
Bruno,Damiani,PHI,F,"600,000.00","726,700.00"
Eddy,Davis III,PHI,F,"80,622.00","82,622.00"
Chris,Donovan,PHI,F,"180,000.00","200,156.00"
Sal,Olivas,PHI,F,"80,622.00","104,702.00"
Milan,Iloski,PHI,F,"500,000.00","552,569.00"
Mikael,Uhre,PHI,F,"2,000,000.00","2,240,000.00"
Olwethu,Makhanya,PHI,D,"250,000.00","288,875.00"
Neil,Pierre,PHI,D,"80,622.00","97,020.00"
Jakob,Glesnes,PHI,D,"1,100,000.00","1,310,000.00"
Alejandro,Bedoya,PHI,M,"104,000.00","204,500.00"
Jovan,Lukić,PHI,M,"285,000.00","329,875.00"
Quinn,Sullivan,PHI,M,"450,000.00","518,000.00"
Ben,Bender,PHI,M,"140,000.00","150,000.00"
Jesús,Bueno,PHI,M,"300,000.00","332,625.00"
Danley,Jean Jacques,PHI,M,"600,000.00","652,100.00"
Nick,Pariano,PHI,M,"80,622.00","85,815.00"
Andre,Blake,PHI,GK,"1,000,000.00","1,181,250.00"
George,Marks,PHI,GK,"104,000.00","104,000.00"
Andrew,Rick,PHI,GK,"80,622.00","90,537.00"
Oliver,Semmle,PHI,GK,"150,000.00","166,324.00"
CJ,Olney Jr.,PHI,M,"80,622.00","94,287.00"
Kai,Wagner,PHI,D,"930,000.00","1,088,250.00"
Isaiah,LeFlore,PHI,D,"104,000.00","113,363.00"
Indiana,Vassilev,PHI,F,"350,000.00","381,750.00"
Olivier,Mbaizo,PHI,D,"430,000.00","472,875.00"
Nathan,Harriel,PHI,D,"290,000.00","312,800.00"
Frankie,Westfield,PHI,D,"80,622.00","92,127.00"
David,Da Costa,POR,M,"2,725,000.00","3,425,000.00"
Matías,Rojas,POR,M,"559,929.00","743,262.00"
Gage,Guerra,POR,F,"80,622.00","80,622.00"
Kevin,Kelsy,POR,F,"612,000.00","752,804.00"
Felipe,Mora,POR,F,"1,275,000.00","1,472,750.00"
Jonathan,Rodríguez,POR,F,"2,775,000.00","3,627,500.00"
Zac,McGraw,POR,D,"275,000.00","321,750.00"
Kamal,Miller,POR,D,"770,004.00","795,004.00"
Dario,Župarić,POR,D,"735,000.00","907,950.00"
Finn,Surman,POR,D,"200,000.00","226,983.00"
Cristhian,Paredes,POR,M,"610,000.00","714,000.00"
Diego,Chará,POR,M,"725,000.00","725,000.00"
Felipe,Carballo,POR,M,"950,000.00","988,333.00"
Joao,Ortiz,POR,M,"475,000.00","525,625.00"
David,Ayala,POR,M,"425,000.00","477,000.00"
Maxime,Crépeau,POR,GK,"585,000.00","648,333.00"
Trey,Muse,POR,GK,"104,000.00","104,000.00"
Hunter,Sulte,POR,GK,"135,000.00","138,042.00"
James,Pantemis,POR,GK,"200,000.00","220,833.00"
Antony,Alves Santos,POR,F,"490,000.00","555,342.00"
Ariel,Lassiter,POR,F,"315,000.00","348,000.00"
Kristoffer,Velde,POR,F,"2,280,000.00","3,027,000.00"
Ian,Smith,POR,D,"80,622.00","80,622.00"
Jimer,Fory,POR,D,"335,000.00","355,000.00"
Omir,Fernandez,POR,F,"600,000.00","661,875.00"
Eric,Miller,POR,D,"104,000.00","104,000.00"
Juan,Mosquera,POR,D,"345,000.00","411,650.00"
Owen,Anderson,RSL,M,"80,622.00","86,512.00"
Victor,Olatunji,RSL,F,"600,000.00","626,500.00"
Ariath,Piol,RSL,F,"282,000.00","336,859.00"
Marcos,Zambrano,RSL,F,"80,622.00","102,881.00"
Forster,Ajago,RSL,F,"80,622.00","80,622.00"
Jesus,Barea,RSL,F,"80,622.00","82,358.00"
Willy,Agada,RSL,F,"500,000.00","546,875.00"
Rwan Philipe,Rodrigues de Souza Cruz,RSL,F,"1,700,000.00","1,858,426.00"
Kobi,Henry,RSL,D,"104,000.00","109,982.00"
Justen,Glad,RSL,D,"1,150,000.00","1,330,000.00"
Brayan,Vera,RSL,D,"500,004.00","557,004.00"
Zack,Farnsworth,RSL,D,"80,622.00","80,622.00"
Philip,Quinton,RSL,D,"125,000.00","125,000.00"
Nelson,Palacio,RSL,M,"380,000.00","423,167.00"
Noel,Caliskan,RSL,M,"104,000.00","104,000.00"
Pablo,Ruiz,RSL,M,"825,000.00","911,500.00"
Luca,Moisa,RSL,M,"104,000.00","104,000.00"
Jude,Wellings,RSL,M,"140,000.00","160,000.00"
Braian,Ojeda,RSL,M,"650,000.00","708,653.00"
Emeka,Eneli,RSL,M,"375,000.00","416,000.00"
Kevon,Lambert,RSL,M,"200,000.00","218,150.00"
Mason,Stajduhar,RSL,GK,"154,000.00","169,650.00"
Rafael,Cabral Barbosa,RSL,GK,"450,000.00","643,750.00"
Max,Kerkvliet,RSL,GK,"80,622.00","80,622.00"
Zac,MacMath,RSL,GK,"250,000.00","250,000.00"
Diego,Luna,RSL,M,"450,000.00","499,833.00"
Matthew,Bell,RSL,F,"80,622.00","81,068.00"
Diogo,Gonçalves,RSL,F,"1,650,000.00","1,797,108.00"
Sam,Junqua,RSL,D,"300,000.00","312,368.00"
Tommy,Silva,RSL,D,"80,622.00","86,604.00"
Alexandros,Katranis,RSL,D,"425,000.00","494,875.00"
Luis,Rivera,RSL,D,"160,000.00","171,100.00"
Tyler,Wolff,RSL,F,"160,000.00","160,000.00"
Zavier,Gozo,RSL,F,"80,622.00","93,345.00"
Johnny,Russell,RSL,F,"300,000.00","325,500.00"
Aiden,Hezarkhani,RSL,F,"80,622.00","86,980.00"
Omar,Marquez,RSL,F,"80,622.00","96,197.00"
Javain,Brown,RSL,D,"300,000.00","313,688.00"
DeAndre,Yedlin,RSL,D,"900,000.00","948,750.00"
Gio,Villa,RSL,D,"80,622.00","83,955.00"
Onni,Valakari,SD,M,"650,000.00","726,800.00"
Corey,Baird,SD,F,"676,534.00","744,241.00"
Marcus,Ingvartsen,SD,F,"1,740,000.00","1,740,000.00"
Anisse,Saidi,SD,F,"80,622.00","94,512.00"
Tomás,Ángel,SD,F,"325,000.00","443,750.00"
Paddy,McNair,SD,D,"700,000.00","762,803.00"
Ian,Pilcher,SD,D,"80,622.00","80,622.00"
Andrés,Reyes,SD,D,"732,000.00","807,000.00"
Christopher,McVey,SD,D,"445,000.00","496,813.00"
Heine Gikling,Bruseth,SD,M,"200,000.00","242,471.00"
Alejandro,Alvarado,SD,M,"80,622.00","88,144.00"
Luca,de la Torre,SD,M,"1,444,528.00","1,644,295.00"
Manu,Duah,SD,M,"80,622.00","84,622.00"
Aníbal,Godoy,SD,M,"375,000.00","408,333.00"
Pedro,Soma,SD,M,"225,000.00","275,453.00"
Jeppe,Tverskov,SD,M,"700,000.00","700,000.00"
CJ,dos Santos,SD,GK,"300,000.00","340,875.00"
Duran,Ferree,SD,GK,"80,622.00","80,622.00"
Pablo,Sisniega,SD,GK,"104,000.00","130,467.00"
Emmanuel,Boateng,SD,M,"300,000.00","331,500.00"
Amahl,Pellegrino,SD,F,"850,000.00","912,500.00"
Alex,Mighten,SD,F,"250,000.00","257,292.00"
Hirving,Lozano,SD,F,"6,000,000.00","7,633,333.00"
Luca,Bombino,SD,D,"80,622.00","80,622.00"
Aiden,Harangi,SD,D,"80,622.00","80,622.00"
Franco,Negri,SD,D,"270,000.00","297,500.00"
David,Vazquez,SD,M,"104,000.00","119,880.00"
Anders,Dreyer,SD,F,"2,117,647.00","2,434,314.00"
Leo,Duru,SD,D,"80,622.00","98,234.00"
Willy,Kumado,SD,D,"104,000.00","116,435.00"
Hernán,López Muñoz,SJ,M,"850,000.00","1,020,000.00"
Josef,Martínez,SJ,F,"1,300,000.00","1,450,000.00"
Ousseni,Bouda,SJ,F,"150,000.00","152,500.00"
Preston,Judd,SJ,F,"185,000.00","234,375.00"
Cristian,Arango,SJ,F,"2,000,000.00","2,216,667.00"
Antônio Josenildo,Rodrigues de Oliveira,SJ,D,"700,000.00","758,000.00"
Max,Floriani,SJ,D,"80,622.00","83,122.00"
Daniel,Munie,SJ,D,"104,000.00","178,000.00"
Reid,Roberts,SJ,D,"80,622.00","80,622.00"
Dave,Romney,SJ,D,"858,500.00","938,000.00"
Bruno,Wilson,SJ,D,"1,100,000.00","1,218,333.00"
Ronaldo,Vieira,SJ,M,"620,000.00","673,854.00"
Jack,Skahan,SJ,M,"175,000.00","175,000.00"
Noel,Buck,SJ,M,"115,000.00","115,000.00"
Ian,Harkes,SJ,M,"450,000.00","450,000.00"
Beau,Leroux,SJ,M,"80,622.00","82,526.00"
Niko,Tsakiris,SJ,M,"165,000.00","169,167.00"
Kaedren,Spivey,SJ,M,"80,622.00","83,622.00"
Cruz,Medina,SJ,M,"140,000.00","158,394.00"
Mark-Anthony,Kaye,SJ,M,"800,000.00","800,000.00"
Nick,Fernandez,SJ,M,"80,622.00","82,526.00"
Edwyn,Mendoza,SJ,M,"80,622.00","93,062.00"
Daniel,de Sousa Britto,SJ,GK,"700,000.00","742,500.00"
Francesco,Montali,SJ,GK,"104,000.00","107,178.00"
Earl,Edwards Jr.,SJ,GK,"200,000.00","210,250.00"
Benji,Kikanović,SJ,F,"367,000.00","403,700.00"
Chance,Cowell,SJ,F,"104,000.00","104,000.00"
Vítor,Costa,SJ,D,"375,000.00","413,333.00"
DeJuan,Jones,SJ,D,"840,000.00","846,250.00"
Jamar,Ricketts,SJ,D,"80,622.00","82,209.00"
Cristian,Espinoza,SJ,F,"1,820,000.00","2,002,000.00"
Nick,Lima,SJ,D,"375,000.00","375,000.00"
Wilson,Eisner,SJ,D,"80,622.00","80,622.00"
Oscar,Verhoeven,SJ,D,"125,000.00","138,395.00"
Paul,Marie,SJ,D,"325,000.00","357,500.00"
Albert,Rusnák,SEA,M,"2,575,000.00","2,575,000.00"
Jesús,Ferreira,SEA,F,"1,585,227.00","1,828,960.00"
Jordan,Morris,SEA,F,"2,250,000.00","2,260,000.00"
Danny,Musovski,SEA,F,"555,000.00","585,303.00"
Osaze,De Rosario,SEA,F,"80,622.00","80,622.00"
Yeimar,Gómez Andrade,SEA,D,"800,000.00","882,500.00"
Jon,Bell,SEA,D,"135,000.00","135,000.00"
Leo,Burney,SEA,D,"80,622.00","80,622.00"
Stuart,Hawkins,SEA,D,"104,000.00","116,021.00"
Kee-hee,Kim,SEA,D,"104,000.00","104,000.00"
Jackson,Ragen,SEA,D,"600,000.00","610,000.00"
João Paulo,Mior,SEA,M,"600,000.00","625,000.00"
Cristian,Roldán,SEA,M,"1,545,000.00","1,666,000.00"
Obed,Vargas,SEA,M,"125,000.00","134,452.00"
Danny,Leyva,SEA,M,"325,000.00","349,900.00"
Snyder,Brunell,SEA,M,"80,622.00","90,648.00"
Jacob,Castro,SEA,GK,"104,000.00","104,000.00"
Stefan,Frei,SEA,GK,"600,000.00","600,000.00"
Andrew,Thomas,SEA,GK,"200,000.00","200,000.00"
Ryan,Kent,SEA,F,"936,000.00","959,500.00"
Paul,Rothrock,SEA,F,"104,000.00","104,000.00"
Reed,Baker-Whiting,SEA,D,"150,000.00","158,000.00"
Nouhou,Tolo,SEA,D,"550,000.00","571,875.00"
Travian,Sousa,SEA,D,"80,622.00","80,622.00"
Paul,Arriola,SEA,F,"1,000,000.00","1,142,500.00"
Pedro,de la Vega,SEA,F,"1,000,000.00","1,379,000.00"
Georgi,Minoungou,SEA,F,"104,000.00","104,000.00"
Álex,Roldán,SEA,D,"530,000.00","530,000.00"
Kalani,Kossa-Rienzi,SEA,D,"80,622.00","80,622.00"
Cody,Baker,SEA,D,"104,000.00","109,704.00"
Manu,García,KC,M,"2,100,000.00","2,325,313.00"
Memo,Rodríguez,KC,M,"104,000.00","114,966.00"
Erik,Thommy,KC,M,"1,500,000.00","1,606,250.00"
Dejan,Joveljić,KC,F,"3,000,000.00","3,306,250.00"
Santiago,Muñóz,KC,F,"300,000.00","335,026.00"
Mason,Toye,KC,F,"350,000.00","392,500.00"
Khiry,Shelton,KC,F,"725,000.00","775,000.00"
Joaquín,Fernández,KC,D,"1,000,000.00","1,072,083.00"
Alán,Montes,KC,D,"400,000.00","422,500.00"
Jansen,Miller,KC,D,"80,622.00","82,302.00"
Robert,Voloder,KC,D,"550,000.00","577,860.00"
Zorhan,Bassong,KC,M,"104,000.00","114,237.00"
Nemanja,Radoja,KC,M,"1,300,000.00","1,390,000.00"
Jacob,Bartlett,KC,M,"80,622.00","83,622.00"
Jack,Kortkamp,KC,GK,"80,622.00","82,622.00"
Ryan,Schewe,KC,GK,"80,622.00","80,622.00"
John,Pulskamp,KC,GK,"250,000.00","273,500.00"
Dániel,Sallói,KC,F,"1,300,000.00","1,300,000.00"
Stephen,Afrifa,KC,F,"104,000.00","104,000.00"
Tim,Leibold,KC,D,"925,000.00","926,050.00"
Logan,Ndenbe,KC,D,"525,000.00","530,000.00"
Shapi,Suleymanov,KC,F,"800,000.00","915,028.00"
Andrew,Brody,KC,D,"275,000.00","300,678.00"
Jake,Davis,KC,D,"400,000.00","412,500.00"
Ian,James,KC,D,"80,622.00","85,220.00"
Tomas,Ostrák,STL,M,"700,000.00","801,000.00"
Caden,Glover,STL,F,"104,000.00","109,000.00"
Sang-bin,Jeong,STL,F,"630,750.00","737,458.00"
João,Klauss de Mello,STL,F,"1,230,000.00","1,370,284.00"
Brendan,McSorley,STL,F,"80,622.00","80,622.00"
Cedric,Teuchert,STL,F,"1,200,000.00","1,342,500.00"
Simon,Becher,STL,F,"218,000.00","239,273.00"
Jake,Girdwood-Reich,STL,D,"242,250.00","281,027.00"
Timo,Baumgartl,STL,D,"550,000.00","643,333.00"
Henry,Kessler,STL,D,"1,300,000.00","1,333,333.00"
Fallou,Fall,STL,D,"364,000.00","462,419.00"
Kyle,Hiebert,STL,D,"240,000.00","269,000.00"
Michael,Wentzel,STL,D,"80,622.00","80,622.00"
Joshua,Yaro,STL,D,"185,000.00","204,500.00"
Marcel,Hartel,STL,M,"1,797,600.00","2,183,113.00"
Miguel,Perez,STL,M,"104,000.00","104,000.00"
Eduard,Löwen,STL,M,"1,250,000.00","1,394,250.00"
Alfredo,Morales,STL,M,"188,571.00","205,571.00"
Chris,Durkin,STL,M,"475,000.00","520,000.00"
Seth,Antwi,STL,M,"104,000.00","104,000.00"
Ben,Lundt,STL,GK,"160,000.00","172,833.00"
Roman,Bürki,STL,GK,"1,575,000.00","1,707,469.00"
Christian,Olivares,STL,GK,"80,622.00","80,622.00"
MyKhi,Joyner,STL,M,"80,622.00","97,902.00"
Célio Antonio,Pompeu Pinheiro Martins,STL,F,"218,250.00","253,144.00"
Selmir,Pidro,STL,D,"325,000.00","374,375.00"
Devin,Padelford,STL,D,"114,000.00","121,000.00"
Jayden,Reid,STL,D,"104,000.00","104,000.00"
Conrad,Wallem,STL,M,"448,000.00","499,875.00"
Rasmus,Alm,STL,F,"279,500.00","343,925.00"
Jaziel,Orozco,STL,D,"80,622.00","80,622.00"
Tyson,Pearce,STL,D,"104,000.00","104,000.00"
Tomas,Totland,STL,D,"300,000.00","341,763.00"
Akil,Watts,STL,D,"104,000.00","104,000.00"
Joseph,Zalinsky,STL,D,"80,622.00","82,638.00"
Djordje,Mihailovic,TOR,M,"2,158,335.00","2,278,335.00"
Cassius,Mailula,TOR,F,"325,000.00","341,003.00"
Hugo,Mbongue,TOR,F,"135,000.00","146,427.00"
Deandre,Kerr,TOR,F,"120,000.00","125,319.00"
Charlie,Sharp,TOR,F,"80,622.00","80,622.00"
Jules-Anthony,Vilsaint,TOR,F,"125,000.00","131,875.00"
Adam,Pearlman,TOR,D,"104,000.00","117,300.00"
Zane,Monlouis,TOR,D,"115,000.00","127,891.00"
Kevin,Long,TOR,D,"430,000.00","468,521.00"
Nicksoen,Gomis,TOR,D,"80,622.00","80,622.00"
Lazar,Stefanović,TOR,D,"80,622.00","92,528.00"
Sigurd,Rosted,TOR,D,"800,000.00","805,000.00"
José,Cifuentes,TOR,M,"1,210,000.00","1,405,000.00"
Jonathan,Osorio,TOR,M,"1,000,000.00","1,183,333.00"
Maxime,Dominguez,TOR,M,"235,000.00","337,577.00"
Markus,Cimermancic,TOR,M,"80,622.00","94,478.00"
Alonso,Coello,TOR,M,"200,012.00","235,012.00"
Sean,Johnson,TOR,GK,"621,250.00","1,063,125.00"
Adisa,De Rosario,TOR,GK,"80,622.00","97,235.00"
Luka,Gavran,TOR,GK,"104,000.00","128,475.00"
Nathaniel,Edwards,TOR,M,"80,622.00","86,604.00"
Derrick,Etienne Jr.,TOR,F,"745,566.00","745,566.00"
Raoul,Petretta,TOR,D,"775,000.00","854,750.00"
Malik,Henry,TOR,M,"80,622.00","80,622.00"
Kosi,Thompson,TOR,M,"120,000.00","125,260.00"
Theo,Corbeanu,TOR,F,"365,000.00","411,625.00"
Henry,Wingo,TOR,D,"625,000.00","696,031.00"
Kobe,Franklin,TOR,D,"125,000.00","135,802.00"
Richie,Laryea,TOR,D,"830,000.00","1,169,438.00"
Liam,MacKenzie,VAN,M,"80,622.00","96,047.00"
Thomas,Müller,VAN,M,"1,284,456.00","1,436,956.00"
Ryan,Gauld,VAN,M,"3,500,000.00","3,675,000.00"
Brian,White,VAN,F,"1,000,000.00","1,000,000.00"
Rayan,Elloumi,VAN,F,"80,622.00","96,268.00"
Nelson,Pierre,VAN,F,"104,000.00","118,116.00"
Daniel,Ríos,VAN,F,"147,600.00","188,880.00"
Nicolas,Fleuriau Chateau,VAN,F,"80,622.00","80,622.00"
Belal,Halbouni,VAN,D,"165,000.00","165,000.00"
Mathías,Laborda,VAN,D,"900,000.00","1,043,625.00"
Mark,O'Neill,VAN,D,"80,622.00","80,622.00"
Joedrick,Pupe,VAN,D,"420,000.00","460,600.00"
Sebastian,Schonlau,VAN,D,"720,000.00","776,833.00"
Ranko,Veselinović,VAN,D,"670,000.00","737,125.00"
Tristan,Blackmon,VAN,D,"800,000.00","800,000.00"
Sebastian,Berhalter,VAN,M,"385,000.00","385,000.00"
Jeevan,Badwal,VAN,M,"80,622.00","80,622.00"
Andrés,Cubas,VAN,M,"1,050,000.00","1,146,375.00"
J.C.,Ngando,VAN,M,"104,000.00","104,000.00"
Ralph,Priso,VAN,M,"104,000.00","118,167.00"
Max,Anchor,VAN,GK,"104,000.00","111,442.00"
Isaac,Boehmer,VAN,GK,"104,000.00","104,000.00"
Yohei,Takaoka,VAN,GK,"756,000.00","873,713.00"
Adrián,Zendejas,VAN,GK,"104,000.00","104,000.00"
Ali,Ahmed,VAN,M,"150,000.00","159,375.00"
Jayden,Nelson,VAN,F,"360,000.00","414,000.00"
Kenji,Cabrera,VAN,F,"350,000.00","390,053.00"
Tate,Johnson,VAN,D,"80,622.00","81,622.00"
Sam,Adekugbe,VAN,D,"875,000.00","963,000.00"
Emmanuel,Sabbi,VAN,F,"900,000.00","987,750.00"
Giuseppe,Bovalina,VAN,D,"104,000.00","116,980.00"
Édier,Ocampo,VAN,D,"375,000.00","428,299.00"
Tom,Pearce,MLS,D,"450,000.00","450,000.00"