id,playerid,firstname,lastname,club,position,basesalary,guaranteedcomp,recordyear,recordseason
QzsxkFxp,,Aleksey,Miranchuk,ATL,M,3600000.00,4885441.00,2025,Fall
O0Jn6skA,,Emmanuel,Latte Lath,ATL,F,3534546.00,4030546.00,2025,Fall
j4gbG5Mx,,Jamal,Thiare,ATL,F,700000.00,730000.00,2025,Fall
jOHTm6fl,,Cayman,Togashi,ATL,F,104000.00,104000.00,2025,Fall
hFRPJrAj,,Enea,Mihaj,ATL,D,1030000.00,1372000.00,2025,Fall
HkkrYOS6,,Juan,Berrocal,ATL,D,1200000.00,1200000.00,2025,Fall
mhhfYMNk,,Stian,Gregersen,ATL,D,800000.00,920000.00,2025,Fall
68jQAm5S,,Noah,Cobb,ATL,D,109000.00,109000.00,2025,Fall
V4csvEGV,,Will,Reilly,ATL,M,80622.00,80622.00,2025,Fall
KChIUlch,,Cooper,Sanchez,ATL,M,80622.00,80622.00,2025,Fall
5kdV5oBS,,Steven,Alzate,ATL,M,1125200.00,1440101.00,2025,Fall
byPC2Its,,Ajani,Fortune,ATL,M,109000.00,109000.00,2025,Fall
7ZcCxISm,,Tristan,Muyumba,ATL,M,550000.00,591600.00,2025,Fall
zdDOpmX3,,Bartosz,Slisz,ATL,M,670000.00,870000.00,2025,Fall
FS8LuB9R,,Adyn,Torres,ATL,M,80622.00,80622.00,2025,Fall
tS0AM9Ri,,Josh,Cohen,ATL,GK,289992.00,328492.00,2025,Fall
XNhca92L,,Brad,Guzan,ATL,GK,300000.00,312500.00,2025,Fall
QxlnOZBk,,Jayden,Hibbert,ATL,GK,80622.00,80622.00,2025,Fall
stlxTbyS,,Edwin,Mosquera,ATL,F,425000.00,455833.00,2025,Fall
HAL4qrwk,,Leo,Afonso,ATL,F,80622.00,80622.00,2025,Fall
aqvNrigE,,Saba,Lobjanidze,ATL,F,900000.00,998750.00,2025,Fall
1HoQCkNX,,Dominik,Chong Qui,ATL,D,80622.00,80622.00,2025,Fall
POpe0Jgk,,Pedro,Amador,ATL,D,231996.00,267608.00,2025,Fall
NIw5MWCj,,Luke,Brennan,ATL,M,104000.00,104000.00,2025,Fall
8kIkHyRE,,Miguel,Almiron,ATL,F,6056000.00,7871000.00,2025,Fall
cQ7MwUv0,,Ashton,Gordon,ATL,F,80622.00,80622.00,2025,Fall
clXFtAJU,,Matthew,Edwards,ATL,D,80622.00,80622.00,2025,Fall
G6crTf30,,Nyk,Sessock,ATL,D,104000.00,104000.00,2025,Fall
zMiOYMAO,,Ronald,Hernandez,ATL,D,275000.00,290750.00,2025,Fall
vN1SRHb9,,Brooks,Lennon,ATL,D,740000.00,740000.00,2025,Fall
ojVhYa41,,Micah,Burton,ATX,M,104000.00,115000.00,2025,Fall
szXQN5rD,,Brandon,Vazquez,ATX,F,3200000.00,3551778.00,2025,Fall
dsDobz0a,,Diego,Rubio,ATX,F,208000.00,208000.00,2025,Fall
nh4R5bEW,,Brendan,Hines-Ike,ATX,D,325000.00,325000.00,2025,Fall
1RpYxGTa,,Julio,Cascante,ATX,D,780000.00,853750.00,2025,Fall
ZW4cyAHo,,Oleksandr,Svatok,ATX,D,500000.00,505000.00,2025,Fall
vrb1rO0Z,,Mateja,Djordjevic,ATX,D,337500.00,347500.00,2025,Fall
GhPeEXnH,,Nicolas,Dubersarsky,ATX,M,275000.00,297986.00,2025,Fall
EbEZYaY3,,Besard,Sabovic,ATX,M,550000.00,550000.00,2025,Fall
PzSXZlA1,,Owen,Wolff,ATX,M,208000.00,221600.00,2025,Fall
BfCvmJ2B,,Daniel,Pereira,ATX,M,475000.00,514375.00,2025,Fall
Qm9CmtIq,,Ilie,Sanchez,ATX,M,600000.00,600000.00,2025,Fall
J8BG3RKi,,Stefan,Cleveland,ATX,GK,250000.00,274167.00,2025,Fall
3KxOfRXc,,Brad,Stuver,ATX,GK,484500.00,507313.00,2025,Fall
uMRj7kGx,,Damian,Las,ATX,GK,125000.00,125000.00,2025,Fall
4kVZKX1r,,Myrto,Uzuni,ATX,F,1520000.00,2225000.00,2025,Fall
8uaYJyFj,,CJ,Fodrey,ATX,F,104000.00,108000.00,2025,Fall
M694OshX,,Robert,Taylor,ATX,F,575000.00,633333.00,2025,Fall
1BX8dih5,,Guilherme,da Trindade Dubas,ATX,D,275000.00,275000.00,2025,Fall
3Z7f8xuc,,Zan,Kolmanic,ATX,D,350000.00,350000.00,2025,Fall
qYSVMStV,,Osman,Bukari,ATX,F,1500000.00,1500000.00,2025,Fall
ZRE5f2ZQ,,Jimmy,Farkarlun,ATX,F,80622.00,80622.00,2025,Fall
t61mXaQL,,Jader,Obrian,ATX,F,450000.00,505401.00,2025,Fall
tLUaZdfL,,Mikkel,Desler,ATX,D,550000.00,550000.00,2025,Fall
wAvxgnkx,,Jon,Gallagher,ATX,D,375000.00,375000.00,2025,Fall
lVgTFfnf,,Riley,Thomas,ATX,D,80622.00,80622.00,2025,Fall
4pNuqcSb,,Bryce,Duke,MTL,M,350000.00,431875.00,2025,Fall
aYlpT9pA,,Olger,Escobar,MTL,M,80622.00,86018.00,2025,Fall
H3NP5NJb,,Ivan,Jaime,MTL,M,1800000.00,1991200.00,2025,Fall
KI6G70yX,,Matias,Coccaro,MTL,F,800000.00,888000.00,2025,Fall
hyXsZvXA,,Sunusi,Ibrahim,MTL,F,350000.00,410000.00,2025,Fall
lmz2Di9E,,Owen,Graham-Roache,MTL,F,80622.00,86512.00,2025,Fall
4gBmCxg4,,Giacomo,Vrioni,MTL,F,2000000.00,2247500.00,2025,Fall
L6MsNfR8,,Prince,Owusu,MTL,F,900000.00,1007500.00,2025,Fall
ySW6Q2x3,,Fernando,Alvarez,MTL,D,275000.00,307500.00,2025,Fall
07pmnZPg,,Brandan,Craig,MTL,D,80622.00,90427.00,2025,Fall
TPwR6SEp,,Efrain,Morales,MTL,D,104000.00,112019.00,2025,Fall
Ci9buwVY,,Jalen,Neal,MTL,D,600000.00,681250.00,2025,Fall
Cxd3racg,,Matty,Longstaff,MTL,M,312000.00,331869.00,2025,Fall
W9AJKEYI,,Victor,Loturi,MTL,M,80622.00,92122.00,2025,Fall
4DIT1UIN,,Alessandro,Biello,MTL,M,80622.00,80622.00,2025,Fall
Z8hlV9BM,,Samuel,Piette,MTL,M,535250.00,561016.00,2025,Fall
tLaUatGM,,Jonathan,Sirois,MTL,GK,275000.00,292625.00,2025,Fall
eHVltkvb,,Thomas,Gillier,MTL,GK,445000.00,487000.00,2025,Fall
rw9r98XR,,Sebastian,Breza,MTL,GK,104000.00,104000.00,2025,Fall
qJmGdjTn,,Emil,Gazdov,MTL,GK,80622.00,88769.00,2025,Fall
X2tMW4X7,,Dante,Sealy,MTL,F,104000.00,122022.00,2025,Fall
D4Xi2bUn,,Luca,Petrasso,MTL,D,104000.00,119136.00,2025,Fall
mrCCftiT,,Fabian,Herbers,MTL,F,400000.00,440000.00,2025,Fall
lY1pM3FM,,Gennadiy,Synchuk,MTL,F,600000.00,606000.00,2025,Fall
SwT5XBd3,,Kwadwo Mahala,Opoku,MTL,F,458333.00,598560.00,2025,Fall
r9V63cLc,,Dawid,Bugaj,MTL,D,240000.00,267600.00,2025,Fall
yokjd89m,,Yuri,Guboglo,MTL,D,80622.00,86311.00,2025,Fall
OBJgj0qB,,Bode,Hidalgo,MTL,D,275000.00,305800.00,2025,Fall
GoH71fLK,,Pep,Biel,CLT,M,1300000.00,1540563.00,2025,Fall
lIs83Idy,,Idan,Toklomati,CLT,F,415000.00,452700.00,2025,Fall
hJq5EuTz,,Archie,Goodwin,CLT,F,300000.00,341187.00,2025,Fall
iZgs8vjP,,Tim,Ream,CLT,D,1000000.00,1127750.00,2025,Fall
MIFAdwMJ,,Adilson,Malanda,CLT,D,900000.00,900000.00,2025,Fall
M8SNhT1l,,Jack,Neeley,CLT,D,104000.00,106000.00,2025,Fall
CzzoS2Oc,,Bill,Tuiloma,CLT,D,500000.00,524938.00,2025,Fall
E8uDntxH,,Andrew,Privett,CLT,D,220000.00,251400.00,2025,Fall
2Pi9pXws,,Eryk,Williamson,CLT,M,775000.00,775000.00,2025,Fall
xJyRGeC1,,Brandt,Bronico,CLT,M,350000.00,389000.00,2025,Fall
ly4YmKW1,,Baye,Coulibaly,CLT,M,240000.00,269500.00,2025,Fall
iQjiaeNm,,Djibril,Diani,CLT,M,300000.00,337944.00,2025,Fall
MHHUq58N,,Nikola,Petkovic,CLT,M,420000.00,466250.00,2025,Fall
SYmWqdjY,,Ashley,Westwood,CLT,M,750000.00,783333.00,2025,Fall
cxMb5n0p,,David,Bingham,CLT,GK,104000.00,104000.00,2025,Fall
8sGKBbbv,,Drake,Callender,CLT,GK,399996.00,455913.00,2025,Fall
zesioI7K,,Nick,Holliday,CLT,GK,80622.00,80622.00,2025,Fall
T8an1ezH,,Kristijan,Kahlina,CLT,GK,750000.00,788750.00,2025,Fall
AFttB20q,,Chituru,Odunze,CLT,GK,104000.00,117508.00,2025,Fall
YsODM5xQ,,Wilfried,Zaha,CLT,F,2666667.00,2751667.00,2025,Fall
7hKtSaGG,,Kerwin,Vargas,CLT,F,600000.00,683750.00,2025,Fall
UpQwea2r,,Tyger,Smalls,CLT,F,80622.00,80622.00,2025,Fall
4dGQiIoD,,Nimfasha,Berchimas,CLT,F,110000.00,124934.00,2025,Fall
C6JmElUe,,Mikah,Thomas,CLT,D,80622.00,81025.00,2025,Fall
eOyyLbeJ,,Harry,Toffolo,CLT,D,900000.00,1020000.00,2025,Fall
olMAfJrs,,Jahlane,Forbes,CLT,D,80622.00,80622.00,2025,Fall
U8bCcy0t,,Souleyman,Doumbia,CLT,D,500000.00,541250.00,2025,Fall
6hJsQfwK,,Jahkeele,Marshall-Rutty,CLT,M,375000.00,423125.00,2025,Fall
PZIBPzIF,,Liel,Abada,CLT,F,2400000.00,2548500.00,2025,Fall
BxQDVDKA,,Brandon,Cambridge,CLT,F,125000.00,133026.00,2025,Fall
JnF7q1UV,,Brian,Romero,CLT,F,125000.00,135833.00,2025,Fall
JOHhAE3p,,Nathan,Byrne,CLT,D,475000.00,498750.00,2025,Fall
aTqEBVUh,,Nick,Scardina,CLT,D,104000.00,104000.00,2025,Fall
Eonj8BqL,,Brian,Gutierrez,CHI,M,857955.00,950425.00,2025,Fall
IdHdrWB5,,Dylan,Borso,CHI,M,80622.00,88622.00,2025,Fall
dUKwH76v,,David,Poreba,CHI,M,80622.00,88747.00,2025,Fall
Y4NbVW8Z,,Robert,Turdean,CHI,M,80622.00,113549.00,2025,Fall
MTCTP1HJ,,Andre,Franco,CHI,M,650000.00,697083.00,2025,Fall
tYazZdCV,,Georgios,Koutsias,CHI,F,470800.00,470800.00,2025,Fall
sNiuJbKv,,Hugo,Cuypers,CHI,F,3238000.00,3528044.00,2025,Fall
BYHOTyAY,,Tom,Barlow,CHI,F,300000.00,330000.00,2025,Fall
qX41Vb7j,,Dean,Boltz,CHI,F,80622.00,82622.00,2025,Fall
wqITsgjT,,Mauricio,Pineda,CHI,D,355012.00,475169.00,2025,Fall
tgeaEjp3,,Jack,Elliott,CHI,D,914773.00,1008537.00,2025,Fall
3GWDGVGZ,,Christopher,Cupps,CHI,D,80622.00,83408.00,2025,Fall
CRuDl8NE,,Omar,Gonzalez,CHI,D,104000.00,123333.00,2025,Fall
Qn2EW6Pw,,Sam,Rogers,CHI,D,120000.00,143000.00,2025,Fall
4j25WmVQ,,Joel,Waterman,CHI,D,474250.00,555400.00,2025,Fall
fxHJBVQQ,,Rominigue,Kouame,CHI,M,600000.00,693755.00,2025,Fall
LBC6J01G,,Sergio,Oregel,CHI,M,113400.00,113400.00,2025,Fall
qK3cFGJr,,Kellyn,Acosta,CHI,M,1461796.00,1628477.00,2025,Fall
XwknJsPw,,Dje,D'Avilla,CHI,M,548004.00,660490.00,2025,Fall
MDpAUL8p,,Sam,Williams,CHI,M,80622.00,91951.00,2025,Fall
cONdnlYW,,Chris,Brady,CHI,GK,249996.00,348329.00,2025,Fall
zP3D1d02,,Bryan,Dowd,CHI,GK,80622.00,80622.00,2025,Fall
ijMb96Zh,,Jeff,Gal,CHI,GK,140000.00,140000.00,2025,Fall
8dUO9G11,,Jonathan,Bamba,CHI,F,5000000.00,5581806.00,2025,Fall
B5BjoCPi,,Andrew,Gutman,CHI,D,600000.00,600000.00,2025,Fall
VUWPN05Y,,Chase,Gasper,CHI,D,575000.00,600000.00,2025,Fall
XP6ufFsV,,Viktor,Radojevic,CHI,D,300000.00,307000.00,2025,Fall
dVtlQ3Fl,,Omari,Glasgow,CHI,M,104000.00,117685.00,2025,Fall
WcLmWXd2,,Maren,Haile-Selassie,CHI,M,388000.00,427500.00,2025,Fall
jkFhS8sc,,Chris,Mueller,CHI,F,699996.00,762316.00,2025,Fall
4P1JgPyn,,Philip,Zinckernagel,CHI,F,1450750.00,1631290.00,2025,Fall
m6c5TsTN,,Leonardo,Barroso,CHI,D,300000.00,345500.00,2025,Fall
OAdLv3ll,,Justin,Reynolds,CHI,D,104000.00,104000.00,2025,Fall
vMpv7Mb6,,Jonathan,Dean,CHI,D,130000.00,138167.00,2025,Fall
6Zk6ptkZ,,Paxten,Aaronson,COL,M,2000000.00,2228063.00,2025,Fall
H1EVxWuM,,Cole,Bassett,COL,M,850000.00,850000.00,2025,Fall
mEqjqQNK,,Theodore,Ku-DiPietro,COL,M,400000.00,456000.00,2025,Fall
xq6X6BTt,,Rafael,Navarro Leal,COL,F,1392000.00,1449600.00,2025,Fall
u1hrWjL2,,Darren,Yapi,COL,F,104000.00,114833.00,2025,Fall
limMXDgI,,Nate,Jones,COL,D,80622.00,80622.00,2025,Fall
MmX2pns3,,Michael,Edwards,COL,D,160000.00,160000.00,2025,Fall
Wg6CfPgI,,Andreas,Maxsø,COL,D,1200000.00,1392500.00,2025,Fall
raUq0T1z,,Ian,Murphy,COL,D,400000.00,447500.00,2025,Fall
KBz9DKLg,,Rob,Holding,COL,D,1200000.00,1200000.00,2025,Fall
aaFKI0qb,,Connor,Ronan,COL,M,490000.00,542400.00,2025,Fall
GMEHvXpb,,Ali,Fadal,COL,M,80622.00,80622.00,2025,Fall
leEJMkXs,,Wayne,Frederick,COL,M,104000.00,104000.00,2025,Fall
MtVAOu2Q,,Oliver,Larraz,COL,M,125000.00,130625.00,2025,Fall
om9fslCj,,Daouda,Amadou,COL,M,80622.00,80622.00,2025,Fall
JDNZXGMF,,Josh,Atencio,COL,M,350000.00,350000.00,2025,Fall
6TJ6ZRW2,,Sam,Bassett,COL,M,80622.00,80622.00,2025,Fall
LG7l3iGG,,Zack,Steffen,COL,GK,1000000.00,1000000.00,2025,Fall
gu7UaF9d,,Adam,Beaudry,COL,GK,104000.00,106500.00,2025,Fall
r51urfK4,,Nicolas,Hansen,COL,GK,80622.00,80622.00,2025,Fall
Ur9qUXgr,,Kimani,Stewart-Baynes,COL,F,90000.00,91000.00,2025,Fall
oOQLoJ6n,,Alexis,Manyoma,COL,F,535200.00,592950.00,2025,Fall
jofoWGKz,,Rafael,Santos,COL,D,375000.00,401188.00,2025,Fall
AY9a84oI,,Sam,Vines,COL,D,900000.00,912500.00,2025,Fall
He4UIS81,,Jackson,Travis,COL,D,104000.00,106500.00,2025,Fall
akgMkzUa,,Bryce,Jamison,COL,F,104000.00,116466.00,2025,Fall
iOtyJyF7,,Alex,Harris,COL,F,80622.00,82622.00,2025,Fall
dpJL7nkK,,Calvin,Harris,COL,F,150000.00,152000.00,2025,Fall
mkLgEiln,,Reggie,Cannon,COL,D,750000.00,841500.00,2025,Fall
4IqIIa24,,Keegan,Rosenberry,COL,D,400000.00,400000.00,2025,Fall
4kOyzwaM,,Diego,Rossi,CLB,M,2725000.00,3426827.00,2025,Fall
tHQkxMC1,,Dylan,Chambost,CLB,M,450000.00,557219.00,2025,Fall
CemVTfnP,,Daniel,Gazdag,CLB,M,2000004.00,2597643.00,2025,Fall
XSf19IxB,,Wessam,Abou Ali,CLB,F,1800000.00,2157375.00,2025,Fall
uFKy2AvH,,Ibrahim,Aliyu,CLB,F,474996.00,526375.00,2025,Fall
PR2H9Oiu,,Jacen,Russell-Rowe,CLB,F,120000.00,130789.00,2025,Fall
2pKI0jeE,,Yevgen,Cheberko,CLB,D,610000.00,658250.00,2025,Fall
gzuqGc1i,,Malte,Amundsen,CLB,D,624996.00,697496.00,2025,Fall
u3VLchyE,,Rudy,Camacho,CLB,D,525000.00,601000.00,2025,Fall
y3peMODr,,Cesar,Ruvalcaba,CLB,D,80622.00,80622.00,2025,Fall
ySZjwIlB,,Taha,Habroune,CLB,M,104000.00,116000.00,2025,Fall
L3SkqPMX,,Cole,Mrowka,CLB,M,80622.00,100630.00,2025,Fall
SfBWyVpP,,Derrick,Jones,CLB,M,350000.00,387500.00,2025,Fall
i5sVCN8M,,Sean,Zawadzki,CLB,M,400000.00,446875.00,2025,Fall
ClgNu1K1,,Darlington,Nagbe,CLB,M,1425000.00,1565833.00,2025,Fall
WTFUmfJj,,Amar,Sejdic,CLB,M,104000.00,118550.00,2025,Fall
HqHy96Fd,,Evan,Bush,CLB,GK,104000.00,104000.00,2025,Fall
0EQanSc7,,Nicholas,Hagen,CLB,GK,104000.00,122600.00,2025,Fall
etrpXLHa,,Stanislav,Lapkes,CLB,GK,80622.00,99712.00,2025,Fall
bUpbPIIf,,Abraham,Romero,CLB,GK,104000.00,104000.00,2025,Fall
36DkGr3l,,Patrick,Schulte,CLB,GK,825000.00,957083.00,2025,Fall
ToFzjVtF,,Hugo,Picard,CLB,M,675000.00,731244.00,2025,Fall
rjvREMBU,,Max,Arfsten,CLB,F,350000.00,389375.00,2025,Fall
DZoMJC1q,,Lassi,Lappalainen,CLB,F,325000.00,368750.00,2025,Fall
tVkVdWAd,,Tristan,Brown,CLB,D,80622.00,84986.00,2025,Fall
JkGDwbyT,,Mohamed,Farsi,CLB,M,425000.00,455000.00,2025,Fall
ZRYhyiLu,,Steven,Moreira,CLB,D,820000.00,902000.00,2025,Fall
n8aCzkQg,,Andres,Herrera,CLB,D,650000.00,737158.00,2025,Fall
8gxWLn13,,Gabriel,Cordeiro Pirani,DC,M,725000.00,791700.00,2025,Fall
s1vY45qo,,Caden,Clark,DC,M,375000.00,407000.00,2025,Fall
JvBA6oLG,,Jackson,Hopkins,DC,M,104000.00,104286.00,2025,Fall
MettZi7i,,Gavin,Turner,DC,M,80622.00,102856.00,2025,Fall
DUREZbP3,,Dominique,Badji,DC,F,400000.00,435000.00,2025,Fall
5LCi5rrF,,Christian,Benteke,DC,F,4500000.00,4937500.00,2025,Fall
hj54aVAH,,Kristian,Fletcher,DC,F,150000.00,169509.00,2025,Fall
eANr5Jnf,,Jacob,Murrell,DC,F,80622.00,80622.00,2025,Fall
3pjIr6Qb,,Lucas,Bartlett,DC,D,450000.00,510625.00,2025,Fall
tj97taSE,,Lukas,MacNaughton,DC,D,120000.00,122100.00,2025,Fall
HnXo3xaC,,Kye,Rowles,DC,D,292500.00,494167.00,2025,Fall
Z1inpCd0,,Garrison,Tubbs,DC,D,104000.00,104000.00,2025,Fall
m2VhzjBN,,Hosei,Kijima,DC,M,80622.00,80622.00,2025,Fall
3tLRw9Xj,,Brandon,Servania,DC,M,104000.00,131056.00,2025,Fall
GuML1N8v,,Rida,Zouhir,DC,M,80622.00,95362.00,2025,Fall
yBEIeJhP,,Boris,Enow,DC,M,500000.00,613900.00,2025,Fall
GkJnXhmO,,Matti,Peltola,DC,M,750000.00,826000.00,2025,Fall
acwMPzWc,,Luis,Barraza,DC,GK,180000.00,187688.00,2025,Fall
TcZb87P9,,Jordan,Farr,DC,GK,104000.00,109000.00,2025,Fall
5HzG5oWx,,Joon-hong,Kim,DC,GK,354000.00,427000.00,2025,Fall
mOxOqha8,,Joao Gabriel,Martins Peglow,DC,F,357500.00,608812.00,2025,Fall
UIdX1Pr7,,Randall,Leal,DC,F,1150000.00,1265000.00,2025,Fall
o8FjdC3l,,Jared,Stroud,DC,F,350000.00,392500.00,2025,Fall
0rP82yjw,,David,Schnegg,DC,D,600000.00,706250.00,2025,Fall
FNTBaNgB,,Hakim,Karamoko,DC,F,80622.00,80622.00,2025,Fall
QMO95U2e,,Conner,Antley,DC,D,104000.00,105667.00,2025,Fall
IcZwu7zK,,Derek,Dodson,DC,D,104000.00,110250.00,2025,Fall
GBJWaFRw,,Aaron,Herrera,DC,D,825000.00,920220.00,2025,Fall
bXPcXeH2,,Yuya,Kubo,CIN,M,750000.00,821667.00,2025,Fall
Zmmd1414,,Gerardo,Valenzuela,CIN,M,104000.00,121542.00,2025,Fall
JCE3P6bT,,Evander,da Silva Ferreira,CIN,M,3200000.00,4736411.00,2025,Fall
Ku3eC7hf,,Kevin,Denkey,CIN,F,3800000.00,3810000.00,2025,Fall
xUcUG8mw,,Stefan,Chirila,CIN,F,80622.00,95402.00,2025,Fall
gQ7V0h4g,,Ayoub,Jabbari,CIN,F,300000.00,354800.00,2025,Fall
suRuiuyg,,Kei,Kamara,CIN,F,104000.00,119000.00,2025,Fall
FMl9BB5D,,Kenji,Mboma Dem,CIN,F,80622.00,80622.00,2025,Fall
dQHQj4vC,,Brenner,Souza da Silva,CIN,F,119259.00,280120.00,2025,Fall
FyDoCDlP,,Gilberto,Flores,CIN,D,364992.00,411664.00,2025,Fall
unM2pI7q,,Teenage,Hadebe,CIN,D,960000.00,1110000.00,2025,Fall
AoWs8rmt,,Nick,Hagglund,CIN,D,250000.00,266667.00,2025,Fall
4nNHZ4yH,,Matt,Miazga,CIN,D,1575000.00,1575000.00,2025,Fall
pbtnw1zC,,Miles,Robinson,CIN,D,1503411.00,1650171.00,2025,Fall
tjvKA2l8,,Tah,Anunga,CIN,M,104000.00,116500.00,2025,Fall
gkbmcPs8,,Pavel,Bucha,CIN,M,474996.00,523778.00,2025,Fall
ap9ncQrk,,Samuel,Gidi,CIN,M,540000.00,611050.00,2025,Fall
YZ7i980a,,Stiven,Jimenez,CIN,M,104000.00,104000.00,2025,Fall
MWhDghyz,,Obinna,Nwobodo,CIN,M,982350.00,1241250.00,2025,Fall
YiZboGfV,,Alec,Kann,CIN,GK,192500.00,192500.00,2025,Fall
Ia1qNGIP,,Evan,Louro,CIN,GK,104000.00,109000.00,2025,Fall
HpI6vbml,,Paul,Walters,CIN,GK,104000.00,111967.00,2025,Fall
4oKnsqbo,,Roman,Celentano,CIN,GK,425000.00,474000.00,2025,Fall
UAxC0FqK,,Alvaro,Barreal,CIN,F,755000.00,917238.00,2025,Fall
csttL7F2,,Lukas,Engel,CIN,D,750000.00,825781.00,2025,Fall
8r6j1KGf,,Brad,Smith,CIN,D,104000.00,114000.00,2025,Fall
2oNhaYii,,Ender,Echenique,CIN,F,324000.00,414180.00,2025,Fall
CCwef095,,Dominik,Marczuk,CIN,F,660000.00,735500.00,2025,Fall
ytDUUAh5,,Luca,Orellano,CIN,F,600000.00,943950.00,2025,Fall
Kuoy9rmo,,Alvas,Powell,CIN,D,275000.00,319500.00,2025,Fall
QAeOEGaR,,Tsiki,Ntsabeleng,DAL,M,200000.00,227000.00,2025,Fall
7sTYs4nC,,Paxton,Pomykal,DAL,M,1050000.00,1158000.00,2025,Fall
vuStkAvI,,Logan,Farrington,DAL,F,104000.00,141493.00,2025,Fall
7DI9QnI8,,Petar,Musa,DAL,F,2250000.00,2680000.00,2025,Fall
fccupOR4,,Diego,Pepi,DAL,F,80622.00,80622.00,2025,Fall
qd0jsnOn,,Sebastien,Ibeagha,DAL,D,675000.00,738625.00,2025,Fall
q0IwFsMv,,Alvaro,Augusto,DAL,D,80622.00,92740.00,2025,Fall
LtBzyr5l,,Lalas,Abubakar,DAL,D,410000.00,445000.00,2025,Fall
5B5LfVhf,,Osaze,Urhoghide,DAL,D,580000.00,643982.00,2025,Fall
JV3wa1Df,,Diego,Garcia,DAL,M,80622.00,94263.00,2025,Fall
1Eaf0F7W,,Alejandro,Urzua,DAL,M,80622.00,80622.00,2025,Fall
pBaLzNmy,,Tomas,Pondeca,DAL,M,80622.00,80622.00,2025,Fall
tAQHi3ct,,Ramiro,Moschen Benetti,DAL,M,500000.00,500000.00,2025,Fall
oY3jDxWc,,Christian,Cappis,DAL,M,242000.00,242000.00,2025,Fall
3koQ2G8P,,Sebastian,Lletget,DAL,M,800000.00,891250.00,2025,Fall
ym70HUSI,,Carl,Sainte,DAL,M,80622.00,80622.00,2025,Fall
Ldu5E9s8,,Kaick,da Silva Ferreira,DAL,M,150000.00,201900.00,2025,Fall
i9TSsHxj,,Patrickson,Delgado,DAL,M,234000.00,260280.00,2025,Fall
fd0mdIfJ,,Michael,Collodi,DAL,GK,104000.00,116425.00,2025,Fall
589BIqDb,,Jacob,Jackson,DAL,GK,104000.00,104000.00,2025,Fall
zbg67Uiq,,Maarten,Paes,DAL,GK,450000.00,522000.00,2025,Fall
Dp8j6pRF,,Enes,Sali,DAL,F,325000.00,370000.00,2025,Fall
TbOFZ3HA,,Tarik,Scott,DAL,F,140000.00,155942.00,2025,Fall
YAEsgYL2,,Nolan,Norris,DAL,D,125000.00,143642.00,2025,Fall
RZD2tu1l,,Joshua,Torquato,DAL,D,80622.00,88622.00,2025,Fall
wQ0YR6IO,,Louicius,Deedson,DAL,F,280000.00,330319.00,2025,Fall
35UnRQPr,,Daniel,Baran,DAL,F,80622.00,94838.00,2025,Fall
2Q3s6N3a,,Pedro Henrique,Fonseca de Araujo Martins,DAL,F,104000.00,104000.00,2025,Fall
j2LhU36q,,Anderson,Julio,DAL,F,750000.00,820000.00,2025,Fall
1C4jPtgw,,Bernard,Kamungo,DAL,F,225000.00,256000.00,2025,Fall
OstZNv22,,Anthony,Ramirez,DAL,F,80622.00,80622.00,2025,Fall
Ypz1yIVT,,Sam,Sarver,DAL,F,80622.00,80622.00,2025,Fall
pAnsW886,,Geovane,de Jesus Rocha,DAL,D,350000.00,397000.00,2025,Fall
fCegrcWm,,Herbert,Endeley,DAL,D,104000.00,104000.00,2025,Fall
e8ZQorCJ,,Malachi,Molina,DAL,D,80622.00,93338.00,2025,Fall
e66Y41Om,,Enzo,Newman,DAL,D,80622.00,80622.00,2025,Fall
KZG6uzhy,,Shaq,Moore,DAL,D,700000.00,770000.00,2025,Fall
by2PRC4n,,Sebastian,Kowalczyk,HOU,M,525000.00,594618.00,2025,Fall
IU0fVLYg,,Ondrej,Lingr,HOU,M,800004.00,888082.00,2025,Fall
TuIw6nUC,,Amine,Bassi,HOU,M,700000.00,700000.00,2025,Fall
GZ3bSOZD,,Toyosi,Olusanya,HOU,F,318000.00,363219.00,2025,Fall
0iilX3O7,,Stephen Annor,Gyamfi,HOU,F,90000.00,103750.00,2025,Fall
gbeioS5v,,Sergio,Santos,HOU,F,825000.00,940625.00,2025,Fall
bNYuClYS,,Gabriel,Segal,HOU,F,104000.00,104000.00,2025,Fall
7k46kSRs,,Ezequiel,Ponce,HOU,F,2590000.00,2852200.00,2025,Fall
PbytDpLP,,Femi,Awodesu,HOU,D,80622.00,89089.00,2025,Fall
2xAJsJRk,,Antonio Carlos,Cunha Capocasali Junior,HOU,D,699996.00,782672.00,2025,Fall
tdQTeZg8,,Felipe,de Andrade Vieira,HOU,D,180000.00,207500.00,2025,Fall
sm0CjEJn,,Daniel,Steres,HOU,D,300000.00,323438.00,2025,Fall
5rNN63ur,,Erik,Sviatchenko,HOU,D,750000.00,825000.00,2025,Fall
RBRbc43S,,Ethan,Bartlow,HOU,D,275000.00,275000.00,2025,Fall
9wNnDH6M,,Pablo,Ortiz,HOU,D,400000.00,443400.00,2025,Fall
8kkIIXFI,,Damion,Lowe,HOU,D,200000.00,233333.00,2025,Fall
DLEftSFN,,Ocimar,de Almeida Junior,HOU,M,104000.00,123533.00,2025,Fall
ydNaVtKS,,Erik,Duenas,HOU,M,150000.00,170625.00,2025,Fall
L7fAJXVD,,Jack,McGlynn,HOU,M,265000.00,399320.00,2025,Fall
09FAdoSh,,Sebastian,Rodriguez,HOU,M,80622.00,89272.00,2025,Fall
epzVczgH,,Brooklyn,Raines,HOU,M,125000.00,143063.00,2025,Fall
aNBJa2vE,,Jefferson,Valverde,HOU,M,249996.00,291657.00,2025,Fall
09PHvu0x,,Jose Artur,de Lima Junior,HOU,M,810000.00,893375.00,2025,Fall
7za6jXbC,,Diadie,Samassekou,HOU,M,714996.00,771871.00,2025,Fall
YiYdCgdj,,Andrew,Tarbell,HOU,GK,400000.00,430000.00,2025,Fall
i2OtQEMC,,Blake,Gillingham,HOU,GK,80622.00,80622.00,2025,Fall
kGG0DIb2,,Jimmy,Maurer,HOU,GK,200000.00,200000.00,2025,Fall
iWmMLkEU,,Jonathan,Bond,HOU,GK,400000.00,459704.00,2025,Fall
8pMMHHY5,,Nelson,Quinones,HOU,F,252000.00,272894.00,2025,Fall
46JUHyiC,,Lawrence,Ennali,HOU,F,475000.00,549250.00,2025,Fall
0U8hlLJ2,,Kieran,Sargeant,HOU,D,104000.00,106193.00,2025,Fall
Lm8FuEeb,,Duane,Holmes,HOU,M,300000.00,378000.00,2025,Fall
5wkh5wjY,,Exon,Arzu,HOU,F,104000.00,108598.00,2025,Fall
HnrNrjnd,,Franco,Escobar,HOU,D,550000.00,599167.00,2025,Fall
UbkvO4V3,,Michael,Halliday,HOU,D,250000.00,277500.00,2025,Fall
p4hvXNIe,,Griffin,Dorsey,HOU,D,590000.00,696333.00,2025,Fall
jSk2w2YZ,,Baltasar,Rodriguez,MIA,M,440000.00,440000.00,2025,Fall
bYlGeb4B,,Luis,Suarez,MIA,F,1500000.00,1500000.00,2025,Fall
lMn5qErE,,Allen,Obando,MIA,F,500000.00,620833.00,2025,Fall
FN4emAKw,,Tomas,Aviles,MIA,D,439992.00,467492.00,2025,Fall
e53b40Ak,,Maximiliano,Falcon,MIA,D,450000.00,524250.00,2025,Fall
tBK7lQwg,,Ian,Fray,MIA,D,150000.00,150000.00,2025,Fall
QgxK36jn,,Tyler,Hall,MIA,D,104000.00,104000.00,2025,Fall
ZF9DXrei,,Gonzalo,Lujan,MIA,D,526500.00,818250.00,2025,Fall
cBnHqfS4,,Ryan,Sailor,MIA,D,104000.00,104000.00,2025,Fall
K5hc971U,,Benja,Cremaschi,MIA,M,400000.00,502500.00,2025,Fall
PASkAF2W,,Rodrigo,De Paul,MIA,M,1500000.00,3619320.00,2025,Fall
Q9J9TOAc,,Santiago,Morales,MIA,M,104000.00,112333.00,2025,Fall
Ap4RMAa2,,Telasco,Segovia,MIA,M,300000.00,335000.00,2025,Fall
lefTXAb8,,Yannick,Bright,MIA,M,80622.00,83647.00,2025,Fall
dCSy0mgi,,Sergio,Busquets,MIA,M,8499996.00,8774996.00,2025,Fall
yw1N4EUc,,David,Ruiz,MIA,M,104000.00,135887.00,2025,Fall
YVbarfMf,,Rocco,Rios Novo,MIA,GK,104000.00,122866.00,2025,Fall
Y44h4UZP,,Oscar,Ustari,MIA,GK,696000.00,744000.00,2025,Fall
CEYJRAHa,,William,Yarbrough,MIA,GK,150000.00,150000.00,2025,Fall
Y6uGRhQO,,Fafa,Picault,MIA,F,600000.00,642000.00,2025,Fall
j6ld4u3A,,Jordi,Alba,MIA,D,6000000.00,6000000.00,2025,Fall
eNpJc2bT,,Noah,Allen,MIA,D,125000.00,184653.00,2025,Fall
TmIeF5Pl,,Tadeo,Allende,MIA,F,1000000.00,1000000.00,2025,Fall
FLQYrfmB,,Lionel,Messi,MIA,F,12000000.00,20446667.00,2025,Fall
wGFvhzat,,Mateo,Silvetti,MIA,F,490000.00,547078.00,2025,Fall
4TWlQR1P,,Israel,Boatwright,MIA,D,104000.00,106000.00,2025,Fall
3mMX4kN9,,Marcelo,Weigandt,MIA,D,500000.00,734708.00,2025,Fall
yCpfbNl0,,Marco,Reus,LA,M,880000.00,1136667.00,2025,Fall
AwhWNJNu,,Ruben,Ramos,LA,M,80622.00,80622.00,2025,Fall
3yooZTRa,,Miguel,Berry,LA,F,225000.00,231667.00,2025,Fall
Psc1iWPy,,Christian,Ramirez,LA,F,525000.00,570833.00,2025,Fall
OOc3ofjp,,Matheus,Nascimento de Paula,LA,F,500000.00,571250.00,2025,Fall
zAzgAQrx,,Ascel,Essengue,LA,D,80622.00,80622.00,2025,Fall
TUPEOzjR,,Mathias,Jørgensen,LA,D,600000.00,600000.00,2025,Fall
hbzNHPZm,,Chris,Rindov,LA,D,80622.00,89372.00,2025,Fall
56JTMiz8,,Maya,Yoshida,LA,D,455000.00,526281.00,2025,Fall
66R2lv2J,,Eriq,Zavaleta,LA,D,194000.00,198311.00,2025,Fall
P0IJZhLO,,Carlos,Garces,LA,D,429999.96,468000.00,2025,Fall
5dRood8l,,Isaiah,Parente,LA,M,104000.00,104000.00,2025,Fall
0Zm2Qg1s,,Ricard,Puig Marti,LA,M,5125000.00,5779688.00,2025,Fall
u7B9TL9m,,Elijah,Wynder,LA,M,150000.00,175333.00,2025,Fall
HqntQ2d1,,Lucas,Sanabria,LA,M,592000.00,694800.00,2025,Fall
dUsZG3h7,,Edwin,Cerrillo,LA,M,525000.00,537500.00,2025,Fall
B871glEE,,Tucker,Lepley,LA,M,80622.00,82308.00,2025,Fall
00G3CeaY,,JT,Marcinkowski,LA,GK,250000.00,250000.00,2025,Fall
svFf4RzA,,Brady,Scott,LA,GK,104000.00,104000.00,2025,Fall
qzJJJNPw,,Novak,Micovic,LA,GK,175000.00,175000.00,2025,Fall
pfFxlNxf,,Gino,Vivi,LA,F,104000.00,104000.00,2025,Fall
1J5cti91,,Diego,Fagundez,LA,F,1250000.00,1310000.00,2025,Fall
yleAcGZx,,Julian,Aude,LA,D,350000.00,360000.00,2025,Fall
P28nd9Yt,,John,Nelson,LA,D,275000.00,291667.00,2025,Fall
hhFm397l,,Joseph,Paintsil,LA,F,3136000.00,4182000.00,2025,Fall
TytEKPH0,,Gabriel,Fortes Chaves,LA,F,1680000.00,2459000.00,2025,Fall
SlyVjR4m,,Mauricio,Cuevas,LA,D,150000.00,168500.00,2025,Fall
1RgGgRxk,,Harbor,Miller,LA,D,80622.00,80622.00,2025,Fall
Cuzf1Xaq,,Miki,Yamane,LA,D,778000.00,844667.00,2025,Fall
gRQ123vL,,Andrew,Moran,LAFC,M,666667.00,691111.00,2025,Fall
V0ZnJ4D2,,Nathan,Ordaz,LAFC,F,146500.00,149000.00,2025,Fall
9e0e0nRO,,Jeremy,Ebobisse,LAFC,F,680000.00,680000.00,2025,Fall
0yLC7HaZ,,Aaron,Long,LAFC,D,445000.00,1050000.00,2025,Fall
LrCADsh2,,Lorenzo,Dellavalle,LAFC,D,104000.00,107750.00,2025,Fall
FM20VQFf,,Kenny,Nielsen,LAFC,D,80622.00,80622.00,2025,Fall
mi35rEJi,,Ryan,Porteous,LAFC,D,720000.00,755260.00,2025,Fall
7xmaBRT3,,Eddie,Segura,LAFC,D,577500.00,577500.00,2025,Fall
f0rgEYdt,,Nkosi Tafari,Burgess,LAFC,D,374500.00,374500.00,2025,Fall
HQ7Mg35z,,Mathieu,Choiniere,LAFC,M,698780.00,698780.00,2025,Fall
FqoN6lge,,Frankie,Amaya,LAFC,M,574000.00,574000.00,2025,Fall
0IPQR9o5,,Mark,Delgado,LAFC,M,1000000.00,1000000.00,2025,Fall
ebd98AlJ,,Odin,Holm,LAFC,M,660000.00,660000.00,2025,Fall
hs9T1ElO,,Jude,Terry,LAFC,M,80622.00,117020.00,2025,Fall
7qbmxZvv,,Timothy,Tillman,LAFC,M,790000.00,846400.00,2025,Fall
TuxEqIOR,,Igor,Jesus Lima,LAFC,M,550000.00,616684.00,2025,Fall
95X3dTm8,,Adam,Saldana,LAFC,M,80622.00,80622.00,2025,Fall
6G0z2iT0,,Jailson,Marques Siqueira,LAFC,M,1200000.00,1317444.00,2025,Fall
Jx3QaAGa,,Hugo,Lloris,LAFC,GK,700000.00,700000.00,2025,Fall
mITe9HKc,,Thomas,Hasal,LAFC,GK,104000.00,114133.00,2025,Fall
dd4yq78C,,David,Ochoa,LAFC,GK,104000.00,112333.00,2025,Fall
8fCCKjkr,,Ryan,Raposo,LAFC,M,180000.00,180000.00,2025,Fall
Wd4YP36U,,Heung-min,Son,LAFC,F,10368750.00,11152852.00,2025,Fall
BrwdVZes,,Denis,Bouanga,LAFC,F,3020000.00,3709500.00,2025,Fall
l5sdXxA7,,Artem,Smolyakov,LAFC,D,550000.00,613297.00,2025,Fall
hV9OAVrx,,Ryan,Hollingshead,LAFC,D,642500.00,642500.00,2025,Fall
oNh4vAgo,,Yaw,Yeboah,LAFC,F,550000.00,550000.00,2025,Fall
GRQBWGd8,,David,Martinez,LAFC,F,525000.00,525000.00,2025,Fall
TSRxiRqJ,,Adrian,Wibowo,LAFC,F,80622.00,80622.00,2025,Fall
1X1HLqGZ,,Alexandru,Baluta,LAFC,F,720000.00,768900.00,2025,Fall
YAP0ac7N,,Sergi,Palencia,LAFC,D,549996.00,569996.00,2025,Fall
nc9L3nIl,,Dominik,Fitz,MNUFC,M,850000.00,853000.00,2025,Fall
VUlIxIdp,,Alexis,Farina,MNUFC,M,104000.00,172500.00,2025,Fall
JoVniWZp,,Jordan,Adebayo-Smith,MNUFC,F,104000.00,121220.00,2025,Fall
iB7V5CtU,,Mamadou,Dieng,MNUFC,F,80622.00,83769.00,2025,Fall
33GElw5j,,Kelvin,Yeboah,MNUFC,F,1275000.00,1477200.00,2025,Fall
pN0DQpBh,,Morris,Duggan,MNUFC,D,80622.00,80622.00,2025,Fall
9geW2E4Y,,Nicolas,Romero,MNUFC,D,420000.00,457500.00,2025,Fall
f4wpc6Xw,,Kipp,Keller,MNUFC,D,104000.00,104000.00,2025,Fall
YbnOkY69,,Jefferson,Diaz,MNUFC,D,380000.00,380000.00,2025,Fall
S3gkLAhb,,Michael,Boxall,MNUFC,D,700000.00,827500.00,2025,Fall
X7GQbkOI,,Alejandro,Bran,MNUFC,M,104000.00,104000.00,2025,Fall
cTL3LFg8,,Ho-yeon,Jung,MNUFC,M,131000.00,168039.00,2025,Fall
MkUuEhcz,,Robin,Lod,MNUFC,M,1550000.00,1689375.00,2025,Fall
jh67vAL7,,Owen,Gene,MNUFC,M,400000.00,430100.00,2025,Fall
0PVSNmcT,,Joaquin,Pereyra,MNUFC,M,655000.00,844000.00,2025,Fall
vqajZHSr,,Hassani,Dotson,MNUFC,M,625000.00,682500.00,2025,Fall
6t5BsfqG,,Nectarios,Triantis,MNUFC,M,660000.00,722665.00,2025,Fall
lYwHXiUh,,Carlos,Harvey,MNUFC,M,104000.00,113627.00,2025,Fall
9IGJMzsn,,Wil,Trapp,MNUFC,M,500000.00,552500.00,2025,Fall
VnWFHsdf,,Wessel,Speel,MNUFC,GK,80622.00,80622.00,2025,Fall
Tt9tzdIY,,Alec,Smir,MNUFC,GK,104000.00,104000.00,2025,Fall
6bJfmBU1,,Dayne,St. Clair,MNUFC,GK,610000.00,631875.00,2025,Fall
1scjAKMr,,Samuel,Shashoua,MNUFC,F,104000.00,104833.00,2025,Fall
7ZoHJHEn,,Loic,Mesanvi,MNUFC,F,80622.00,83613.00,2025,Fall
RkbuF8fh,,Kenyel,Michel,MNUFC,F,104000.00,104000.00,2025,Fall
3c6tQLWN,,Kieran,Chandler,MNUFC,D,80622.00,80622.00,2025,Fall
zsZjG0gf,,Anthony,Markanich Jr.,MNUFC,D,104000.00,104000.00,2025,Fall
z6g3k1C2,,Joseph,Rosales,MNUFC,D,535000.00,579702.00,2025,Fall
KuyVilwD,,Julian,Gressel,MNUFC,M,1146672.00,1146672.00,2025,Fall
NCLf2u5O,,Darius,Randell,MNUFC,F,80622.00,91016.00,2025,Fall
CWEIqHgN,,Bongokuhle,Hlongwane,MNUFC,F,1000000.00,1142500.00,2025,Fall
NsrujN2l,,Matus,Kmet,MNUFC,D,195000.00,212469.00,2025,Fall
VbJ6CW0H,,D.J.,Taylor,MNUFC,D,183500.00,213617.00,2025,Fall
JlaSgN0M,,Gyasi,Zardes,MLS,F,1200000.00,1200000.00,2025,Fall
8txJnmkP,,Maximiliano,Urruti,MLS,F,104000.00,104000.00,2025,Fall
FBEpDm1J,,Missael,Rodriguez,MLS,F,113400.00,113400.00,2025,Fall
Lxn7U2Xx,,Axel,Kei,MLS,F,140000.00,156000.00,2025,Fall
L3rv9ZC2,,Dany,Rosero,MLS,D,530000.00,530000.00,2025,Fall
oPLMHgdN,,Joakim,Nilsson,MLS,D,1187250.00,1255750.00,2025,Fall
1WYOAoaT,,Sean,Davis,MLS,M,925000.00,1039000.00,2025,Fall
gen20OLx,,Aljaz,Ivacic,MLS,GK,540000.00,625000.00,2025,Fall
zaw5b2u5,,Elliot,Panicco,MLS,GK,230000.00,230000.00,2025,Fall
fhRI498E,,Bret,Halsey,MLS,D,104000.00,104000.00,2025,Fall
XjyMOKrU,,Hany,Mukhtar,NSH,M,3900000.00,5311667.00,2025,Fall
wBI8TxKH,,Woobens,Pacius,NSH,F,80622.00,80622.00,2025,Fall
O4XUutoa,,Teal,Bunbury,NSH,F,250000.00,285000.00,2025,Fall
opsdHvjf,,Maximus,Ekk,NSH,F,80622.00,80622.00,2025,Fall
SR6WJqci,,Adem,Sipic,NSH,F,80622.00,109448.00,2025,Fall
CFJ62XIs,,Sam,Surridge,NSH,F,2775000.04,3208139.00,2025,Fall
piWPxTqd,,Jeison,Palacios,NSH,D,350000.00,526667.00,2025,Fall
USH7FAxH,,Christopher,Applewhite,NSH,D,80622.00,90067.00,2025,Fall
fahjQnw9,,Josh,Bauer,NSH,D,180000.00,203667.00,2025,Fall
r8l2ugPK,,Jack,Maher,NSH,D,800000.00,895467.00,2025,Fall
GxCHqoOI,,Wyatt,Meyer,NSH,D,80622.00,80622.00,2025,Fall
ynwwyVpf,,Walker,Zimmerman,NSH,D,3200000.00,3456979.00,2025,Fall
sIfBZKWw,,Bryan,Acosta,NSH,M,175000.00,196250.00,2025,Fall
rfqQ2C71,,Patrick,Yazbek,NSH,M,415000.00,531013.00,2025,Fall
isKAKTlk,,Isaiah,Jones,NSH,M,80622.00,84622.00,2025,Fall
JFCdS2GO,,Edvard,Tagseth,NSH,M,450000.00,487667.00,2025,Fall
EBOQqcZ7,,Gaston,Brugman,NSH,M,1200000.00,1409000.00,2025,Fall
HmqifM3O,,Matthew,Corcoran,NSH,M,80622.00,102890.00,2025,Fall
GoyJqK9p,,Brian,Schwake,NSH,GK,104000.00,120800.00,2025,Fall
AUU7nXul,,Xavier,Valdez,NSH,GK,80622.00,90622.00,2025,Fall
UMSGffLE,,Joe,Willis,NSH,GK,600000.00,658333.00,2025,Fall
qV6WGn0V,,Tyler,Boyd,NSH,F,1100000.00,1105000.00,2025,Fall
GiwxpeTI,,Jonathan,Perez,NSH,F,400000.00,470956.00,2025,Fall
aocgEFPK,,Jacob,Shaffelburg,NSH,F,425000.00,470000.00,2025,Fall
NGRZv8u5,,Jordan,Knight,NSH,D,80622.00,86455.00,2025,Fall
dz0nTg8d,,Daniel,Lovitz,NSH,D,525000.00,542500.00,2025,Fall
Gu1SfALg,,Tate,Schmitt,NSH,D,104000.00,104000.00,2025,Fall
85nST4Mg,,Taylor,Washington,NSH,D,104000.00,104000.00,2025,Fall
8XyZyeZ1,,Ahmed,Qasem,NSH,F,650000.00,650000.00,2025,Fall
TaSc1vZu,,Alex,Muyl,NSH,F,535000.00,535000.00,2025,Fall
j6KTFX2A,,Andy,Najar,NSH,D,250000.00,280000.00,2025,Fall
JBJdOWos,,Julian,Gaines,NSH,D,80622.00,80622.00,2025,Fall
m1h0gafY,,Carles,Gil,NE,M,4250000.00,4702083.00,2025,Fall
4pIPfhvC,,Allan,Oyirwoth,NE,M,104000.00,120000.00,2025,Fall
k1RPYQBd,,Ignatius,Ganago,NE,F,1300000.00,1300000.00,2025,Fall
XTRmd5my,,Leonardo,Campana,NE,F,1250000.00,1372333.00,2025,Fall
Z2P1cm4O,,Dor,Turgeman,NE,F,740000.00,740000.00,2025,Fall
1GaTRUbp,,Tanner,Beason,NE,D,325000.00,325000.00,2025,Fall
ik376ecf,,Andrew,Farrell,NE,D,175000.00,175000.00,2025,Fall
l2n4E0s0,,Keegan,Hughes,NE,D,104000.00,104000.00,2025,Fall
PMnwSB44,,Eric,Klein,NE,D,80622.00,86899.00,2025,Fall
42wU5ryt,,Santiago,Suarez,NE,D,104000.00,117222.00,2025,Fall
nBzyuq8D,,Mamadou,Fofana,NE,D,500000.00,616250.00,2025,Fall
Hj90GQ4T,,Brayan,Ceballos,NE,D,725000.00,805625.00,2025,Fall
yCQIFaSt,,Wyatt,Omsberg,NE,D,125000.00,137500.00,2025,Fall
M8HkHa8a,,Jack,Panayotou,NE,M,117500.00,119500.00,2025,Fall
CZj5slNG,,Alhassan,Yusuf,NE,M,850000.00,945311.00,2025,Fall
pCR2Pw7H,,Jackson,Yueill,NE,M,1086750.00,1086750.00,2025,Fall
Uj7WtxdO,,Matt,Polster,NE,M,625000.00,683333.00,2025,Fall
vAIdK5dT,,Alex,Bono,NE,GK,250000.00,262500.00,2025,Fall
vF3qYtac,,Donovan,Parisian,NE,GK,80622.00,80622.00,2025,Fall
r4llT5HX,,Matt,Turner,NE,GK,1776136.00,1942886.00,2025,Fall
FMicppT0,,Tomas,Chancalay,NE,F,1000000.00,1060000.00,2025,Fall
kkIfHQ0J,,Peyton,Miller,NE,D,104000.00,106000.00,2025,Fall
vFlG2g1M,,Will,Sands,NE,D,275000.00,283333.00,2025,Fall
9K9cwbsV,,Malcolm,Fry,NE,F,90000.00,95560.00,2025,Fall
yYgxvKLw,,Luca,Langoni,NE,F,660000.00,732283.00,2025,Fall
yFF7chq8,,Damario,McIntosh,NE,D,80622.00,89571.00,2025,Fall
SS2jOy56,,Brandon,Bye,NE,D,425000.00,443813.00,2025,Fall
wGpWoQKH,,Ilay,Feingold,NE,D,575000.00,575000.00,2025,Fall
oVmcxkzp,,Maxi,Moralez,NYC,M,480000.00,500000.00,2025,Fall
6quSJ7wP,,Nicolas,Fernandez Mercau,NYC,M,3650000.00,3650000.00,2025,Fall
XEFhkCzT,,Jovan,Mijatovic,NYC,F,650000.00,687500.00,2025,Fall
ZmKzCYT1,,Alonso,Martinez,NYC,F,700000.00,800333.00,2025,Fall
F4aHjv4w,,Seymour,Reid,NYC,F,80622.00,95437.00,2025,Fall
ifwZD8Jr,,Zidane,Yanez,NYC,F,80622.00,84789.00,2025,Fall
9vSgkaw7,,Prince,Amponsah,NYC,D,80622.00,80622.00,2025,Fall
BRWYtoM8,,Max,Murray,NYC,D,80622.00,82470.00,2025,Fall
65K9umOI,,Strahinja,Tanasijevic,NYC,D,270000.00,338750.00,2025,Fall
TOhGXvKI,,Thiago,Martins,NYC,D,1700000.00,2162000.00,2025,Fall
KhAg7Qi5,,Raul Gustavo,Pereira Bicalho,NYC,D,720000.00,812960.00,2025,Fall
UFGi6sN7,,Jacob,Arroyave,NYC,M,80622.00,93620.00,2025,Fall
CK81gL6q,,Maximo,Carrizo,NYC,M,104000.00,137523.00,2025,Fall
qtvTFa7M,,Jonathan,Shore,NYC,M,104000.00,116500.00,2025,Fall
03ivvR3I,,Justin,Haak,NYC,M,225003.96,265833.00,2025,Fall
g45bF9sn,,James,Sands,NYC,M,1250000.00,1318750.00,2025,Fall
cGJt68pt,,Aiden,O'Neill,NYC,M,540000.00,570938.00,2025,Fall
33Zn4FYY,,Keaton,Parks,NYC,M,400000.00,530000.00,2025,Fall
PBF30nW4,,Andres,Perea,NYC,M,660000.00,726500.00,2025,Fall
P3vbR3xa,,Matt,Freese,NYC,GK,400000.00,491667.00,2025,Fall
05pc8FzD,,Alex,Rando,NYC,GK,80622.00,80622.00,2025,Fall
tVvfLOsz,,Greg,Ranjitsingh,NYC,GK,104000.00,104000.00,2025,Fall
8acMfHEZ,,Tomas,Romero,NYC,GK,104000.00,104000.00,2025,Fall
1y2Z4Xyv,,Talles Magno,Bacelar Martins,NYC,F,950000.00,1065000.00,2025,Fall
RqyNkEWI,,Malachi,Jones,NYC,F,80622.00,80622.00,2025,Fall
NK1nCkLz,,Agustin,Ojeda,NYC,F,510000.00,577833.00,2025,Fall
BafTUuI2,,Nico,Cavallo,NYC,D,80622.00,82470.00,2025,Fall
dQnAttZN,,Kevin,O'Toole,NYC,D,225000.00,246667.00,2025,Fall
DegsFTWN,,Julian,Fernandez,NYC,F,660000.00,724300.00,2025,Fall
xftEm9Uf,,Hannes,Wolf,NYC,F,1400000.00,1510000.00,2025,Fall
iLraJUw9,,Drew,Baiera,NYC,D,104000.00,109936.00,2025,Fall
nYhazUe7,,Mitja,Ilenic,NYC,D,300000.00,391700.00,2025,Fall
xPECa306,,Tayvon,Gray,NYC,D,103992.00,215492.00,2025,Fall
mupdO0I7,,Wikelman,Carmona,RBNY,M,495000.00,500000.00,2025,Fall
Jm66B8aO,,Wiktor,Bogacz,RBNY,F,390000.00,516240.00,2025,Fall
DB4CoToD,,Roald,Mitchell,RBNY,F,104000.00,124408.00,2025,Fall
OBnA24xu,,Tanner,Rosborough,RBNY,F,80622.00,97640.00,2025,Fall
xAJI5RgU,,Julian,Hall,RBNY,F,125000.00,207241.00,2025,Fall
O4AapS9j,,Eric-Maxim,Choupo-Moting,RBNY,F,3200000.00,3530667.00,2025,Fall
vBqZumEd,,Noah,Eile,RBNY,D,440000.00,493200.00,2025,Fall
xpaY5VW6,,Sean,Nealis,RBNY,D,550000.00,626250.00,2025,Fall
2dadURAi,,Alexander,Hack,RBNY,D,930000.00,1031400.00,2025,Fall
PmxvEywx,,Tim,Parker,RBNY,D,300000.00,347500.00,2025,Fall
Hs1cvutf,,Adri,Mehmeti,RBNY,M,80622.00,126202.00,2025,Fall
s9abcqHb,,Peter,Stroud,RBNY,M,125000.00,145003.00,2025,Fall
9mE8wybX,,Ronald,Donkor,RBNY,M,140000.00,165400.00,2025,Fall
Vpr8tjuN,,Aiden,Jarvis,RBNY,M,80622.00,97707.00,2025,Fall
WcXcd00g,,Daniel,Edelman,RBNY,M,465000.00,465000.00,2025,Fall
hl0ptqAq,,Gustav,Berggren,RBNY,M,999996.00,1109996.00,2025,Fall
lCoodU9f,,Carlos,Coronel,RBNY,GK,550000.00,599649.00,2025,Fall
8iXfmNvw,,AJ,Marcucci,RBNY,GK,135000.00,152425.00,2025,Fall
jzdxtJ7h,,John,McCarthy,RBNY,GK,452000.00,474600.00,2025,Fall
KiJh05IP,,Aidan,Stokes,RBNY,GK,80622.00,97390.00,2025,Fall
p02ZrvaX,,Lewis,Morgan,RBNY,F,1250000.00,1479358.00,2025,Fall
AqkTyIja,,Mohammed,Sofo,RBNY,F,130000.00,188000.00,2025,Fall
8FpJO4oe,,Andy,Rojas,RBNY,F,129996.00,147327.00,2025,Fall
VsHyJ7mM,,Emil,Forsberg,RBNY,F,5405000.00,6035625.00,2025,Fall
65ve2tHw,,Rafael,Mosquera,RBNY,F,80622.00,92522.00,2025,Fall
rRKeZfTN,,Raheem,Edwards,RBNY,D,375000.00,414340.00,2025,Fall
q1k9Bfyj,,Marcelo,Morales,RBNY,D,300000.00,447375.00,2025,Fall
NS8fkmLc,,Omar,Valencia,RBNY,D,80622.00,92997.00,2025,Fall
7ANfTJeT,,Curtis,Ofori,RBNY,D,125000.00,133750.00,2025,Fall
Y7na4eQT,,Dennis,Gjengaar,RBNY,F,360000.00,418769.00,2025,Fall
8HGtmYQL,,Cameron,Harper,RBNY,F,360000.00,401750.00,2025,Fall
YEXGzfM6,,Serge,Ngoma Jr.,RBNY,F,165000.00,193700.00,2025,Fall
d1QL6RED,,Juan,Mina,RBNY,D,162000.00,177432.00,2025,Fall
zGkTZsWA,,Dylan,Nealis,RBNY,D,385000.00,385000.00,2025,Fall
8Lm2tGVJ,,Kyle,Duncan,RBNY,D,500000.00,555750.00,2025,Fall
apV5PaGr,,Martin,Ojeda,ORL,M,960000.00,1032600.00,2025,Fall
WOVCDey2,,Luis,Muriel,ORL,F,2500000.00,4003333.00,2025,Fall
FS6Htm7a,,Favian,Loyola,ORL,F,104000.00,106135.00,2025,Fall
7iudFnH6,,Duncan,McGuire,ORL,F,540000.00,861000.00,2025,Fall
pvkLVA9B,,David,Brekalo,ORL,D,600000.00,683000.00,2025,Fall
3vaBzXO0,,Robin,Jansson,ORL,D,900000.00,996667.00,2025,Fall
bfkywAm6,,Thomas,Williams,ORL,D,150000.00,163875.00,2025,Fall
n0OM6THd,,Rodrigo,Schlegel,ORL,D,500000.00,609667.00,2025,Fall
RLl4BXyf,,Eduard,Atuesta,ORL,M,600000.00,725000.00,2025,Fall
JicW25jX,,Wilder,Cartagena,ORL,M,480000.00,520250.00,2025,Fall
VNcr5vId,,Joran,Gerbet,ORL,M,80622.00,80622.00,2025,Fall
vxHODP02,,Colin,Guske,ORL,M,80622.00,91427.00,2025,Fall
0mJFebsy,,Zakaria,Taifi,ORL,M,80622.00,92520.00,2025,Fall
rIIauL9b,,Cesar,Araujo,ORL,M,509000.00,548000.00,2025,Fall
RghEQDKc,,Pedro,Gallese,ORL,GK,960000.00,1249333.00,2025,Fall
JyGY8T79,,Carlos,Mercado,ORL,GK,104000.00,104000.00,2025,Fall
aexVSPPe,,Javier,Otero,ORL,GK,120000.00,123750.00,2025,Fall
FOX3izIC,,Ivan,Angulo,ORL,F,525000.00,557660.00,2025,Fall
L1FhLHhw,,Tyrese,Spicer,ORL,F,80622.00,83122.00,2025,Fall
w6ksRSNF,,Yutaro,Tsukada,ORL,F,80622.00,80622.00,2025,Fall
X6kZd6yy,,Tahir,Reid-Brown,ORL,D,104000.00,118508.00,2025,Fall
Go3CP2Y9,,Adrian,Marin,ORL,D,325000.00,377972.00,2025,Fall
lKd8WwgY,,Gustavo,Caraballo,ORL,F,80622.00,86997.00,2025,Fall
xpT6VSSf,,Shak,Mohammed,ORL,F,120000.00,126000.00,2025,Fall
SUDa2077,,Nicolas,Rodriguez,ORL,F,180000.00,200500.00,2025,Fall
Srj9kcxA,,Marco,Pasalic,ORL,F,1600000.00,1650667.00,2025,Fall
EDIUnVNH,,Alex,Freeman,ORL,D,104000.00,108000.00,2025,Fall
Q7i36jaQ,,Kyle,Smith,ORL,D,270000.00,318000.00,2025,Fall
OHUvpOb7,,Dagur Dan,Thorhallsson,ORL,D,364996.00,411121.00,2025,Fall
wErcaIhP,,Jeremy,Rafanello,PHI,M,140000.00,161125.00,2025,Fall
jtqfGMne,,Cavan,Sullivan,PHI,M,200000.00,364000.00,2025,Fall
C21rrcU3,,Tai,Baribo,PHI,F,700000.00,810000.00,2025,Fall
qgIEZ2pq,,Markus,Anderson,PHI,F,120000.00,122000.00,2025,Fall
lv01n9xK,,Bruno,Damiani,PHI,F,600000.00,726700.00,2025,Fall
xu0OH1fV,,Eddy,Davis III,PHI,F,80622.00,82622.00,2025,Fall
KaeOtuo3,,Chris,Donovan,PHI,F,180000.00,200156.00,2025,Fall
11JwfT0k,,Sal,Olivas,PHI,F,80622.00,104702.00,2025,Fall
a6MZLjLL,,Milan,Iloski,PHI,F,500000.00,552569.00,2025,Fall
8M5upp0E,,Mikael,Uhre,PHI,F,2000000.00,2240000.00,2025,Fall
n1TVfR30,,Olwethu,Makhanya,PHI,D,250000.00,288875.00,2025,Fall
xDFg5fLP,,Neil,Pierre,PHI,D,80622.00,97020.00,2025,Fall
Yrl4kgR7,,Jakob,Glesnes,PHI,D,1100000.00,1310000.00,2025,Fall
8cUEvEyX,,Alejandro,Bedoya,PHI,M,104000.00,204500.00,2025,Fall
kbqTXd3N,,Jovan,Lukic,PHI,M,285000.00,329875.00,2025,Fall
6wAAzjjk,,Quinn,Sullivan,PHI,M,450000.00,518000.00,2025,Fall
ip8rIyOQ,,Ben,Bender,PHI,M,140000.00,150000.00,2025,Fall
NHgVoLJR,,Jesus,Bueno,PHI,M,300000.00,332625.00,2025,Fall
s07PPyTD,,Danley,Jean Jacques,PHI,M,600000.00,652100.00,2025,Fall
5EgVQ77v,,Nick,Pariano,PHI,M,80622.00,85815.00,2025,Fall
Pyd641rv,,Andre,Blake,PHI,GK,1000000.00,1181250.00,2025,Fall
KlS8s8Gi,,George,Marks,PHI,GK,104000.00,104000.00,2025,Fall
OSHlZEZU,,Andrew,Rick,PHI,GK,80622.00,90537.00,2025,Fall
C6T3zZaY,,Oliver,Semmle,PHI,GK,150000.00,166324.00,2025,Fall
evovRHeM,,CJ,Olney Jr.,PHI,M,80622.00,94287.00,2025,Fall
n4GfcHL7,,Kai,Wagner,PHI,D,930000.00,1088250.00,2025,Fall
hu69tRJ6,,Isaiah,LeFlore,PHI,D,104000.00,113363.00,2025,Fall
epHXpb0g,,Indiana,Vassilev,PHI,F,350000.00,381750.00,2025,Fall
2T3LEZa4,,Olivier,Mbaizo,PHI,D,430000.00,472875.00,2025,Fall
Tzc5AyKL,,Nathan,Harriel,PHI,D,290000.00,312800.00,2025,Fall
kDIi59Vu,,Frankie,Westfield,PHI,D,80622.00,92127.00,2025,Fall
ANMYP36e,,David,Da Costa,POR,M,2725000.00,3425000.00,2025,Fall
nvOATsEM,,Matias,Rojas,POR,M,559929.00,743262.00,2025,Fall
et5nNYgZ,,Gage,Guerra,POR,F,80622.00,80622.00,2025,Fall
izbeKbJf,,Kevin,Kelsy,POR,F,612000.00,752804.00,2025,Fall
3bFyFW77,,Felipe,Mora,POR,F,1275000.00,1472750.00,2025,Fall
PbDEaCEB,,Jonathan,Rodriguez,POR,F,2775000.00,3627500.00,2025,Fall
cJBCLOwJ,,Zac,McGraw,POR,D,275000.00,321750.00,2025,Fall
PkAU9WKh,,Kamal,Miller,POR,D,770004.00,795004.00,2025,Fall
hPr6J8O1,,Dario,Zuparic,POR,D,735000.00,907950.00,2025,Fall
0EWZKoWM,,Finn,Surman,POR,D,200000.00,226983.00,2025,Fall
Z8OBqJVD,,Cristhian,Paredes,POR,M,610000.00,714000.00,2025,Fall
91gg6KJu,,Diego,Chara,POR,M,725000.00,725000.00,2025,Fall
KmUbgoqe,,Felipe,Carballo,POR,M,950000.00,988333.00,2025,Fall
13EEf48y,,Joao,Ortiz,POR,M,475000.00,525625.00,2025,Fall
OecGRRFr,,David,Ayala,POR,M,425000.00,477000.00,2025,Fall
M46XI2ek,,Maxime,Crepeau,POR,GK,585000.00,648333.00,2025,Fall
YgzyQlp8,,Trey,Muse,POR,GK,104000.00,104000.00,2025,Fall
xnYLjIVb,,Hunter,Sulte,POR,GK,135000.00,138042.00,2025,Fall
n1z1ozjR,,James,Pantemis,POR,GK,200000.00,220833.00,2025,Fall
AKoZgfrB,,Antony,Alves Santos,POR,F,490000.00,555342.00,2025,Fall
dp0vw07I,,Ariel,Lassiter,POR,F,315000.00,348000.00,2025,Fall
Vl3K2Aog,,Kristoffer,Velde,POR,F,2280000.00,3027000.00,2025,Fall
ehsStErQ,,Ian,Smith,POR,D,80622.00,80622.00,2025,Fall
mtgfAqAX,,Jimer,Fory,POR,D,335000.00,355000.00,2025,Fall
GCOsgE4X,,Omir,Fernandez,POR,F,600000.00,661875.00,2025,Fall
9oyGYW9v,,Eric,Miller,POR,D,104000.00,104000.00,2025,Fall
BEmHRS32,,Juan,Mosquera,POR,D,345000.00,411650.00,2025,Fall
BAzoDt09,,Owen,Anderson,RSL,M,80622.00,86512.00,2025,Fall
R5xS8SIX,,Victor,Olatunji,RSL,F,600000.00,626500.00,2025,Fall
JqzqjbcS,,Ariath,Piol,RSL,F,282000.00,336859.00,2025,Fall
LgMcFRoZ,,Marcos,Zambrano,RSL,F,80622.00,102881.00,2025,Fall
s1uiij3U,,Forster,Ajago,RSL,F,80622.00,80622.00,2025,Fall
WWISiMWo,,Jesus,Barea,RSL,F,80622.00,82358.00,2025,Fall
O4Fr8GNs,,Willy,Agada,RSL,F,500000.00,546875.00,2025,Fall
zFIaXCt8,,Rwan Philipe,Rodrigues de Souza Cruz,RSL,F,1700000.00,1858426.00,2025,Fall
VNJ31mzR,,Kobi,Henry,RSL,D,104000.00,109982.00,2025,Fall
A1bpf723,,Justen,Glad,RSL,D,1150000.00,1330000.00,2025,Fall
I5gKlsCS,,Brayan,Vera,RSL,D,500004.00,557004.00,2025,Fall
quxnwcAj,,Zack,Farnsworth,RSL,D,80622.00,80622.00,2025,Fall
5YE8n2NV,,Philip,Quinton,RSL,D,125000.00,125000.00,2025,Fall
O1Q2OOo7,,Nelson,Palacio,RSL,M,380000.00,423167.00,2025,Fall
vENzuZOR,,Noel,Caliskan,RSL,M,104000.00,104000.00,2025,Fall
WIX4JxiU,,Pablo,Ruiz,RSL,M,825000.00,911500.00,2025,Fall
7giDXAef,,Luca,Moisa,RSL,M,104000.00,104000.00,2025,Fall
7aQdUUM4,,Jude,Wellings,RSL,M,140000.00,160000.00,2025,Fall
F4kFFhQ4,,Braian,Ojeda,RSL,M,650000.00,708653.00,2025,Fall
yXs20iQf,,Emeka,Eneli,RSL,M,375000.00,416000.00,2025,Fall
4KIUKZvQ,,Kevon,Lambert,RSL,M,200000.00,218150.00,2025,Fall
DV3M3EX3,,Mason,Stajduhar,RSL,GK,154000.00,169650.00,2025,Fall
2gsDaFEF,,Rafael,Cabral Barbosa,RSL,GK,450000.00,643750.00,2025,Fall
QLgTp6wK,,Max,Kerkvliet,RSL,GK,80622.00,80622.00,2025,Fall
keUyXyLC,,Zac,MacMath,RSL,GK,250000.00,250000.00,2025,Fall
Np3xtIF7,,Diego,Luna,RSL,M,450000.00,499833.00,2025,Fall
Cwllfp7a,,Matthew,Bell,RSL,F,80622.00,81068.00,2025,Fall
OGNbA9bz,,Diogo,Goncalves,RSL,F,1650000.00,1797108.00,2025,Fall
2L9bxOHm,,Sam,Junqua,RSL,D,300000.00,312368.00,2025,Fall
uMZXNsnm,,Tommy,Silva,RSL,D,80622.00,86604.00,2025,Fall
xKlSVpaI,,Alexandros,Katranis,RSL,D,425000.00,494875.00,2025,Fall
k66vrt5g,,Luis,Rivera,RSL,D,160000.00,171100.00,2025,Fall
Nk8XDSlL,,Tyler,Wolff,RSL,F,160000.00,160000.00,2025,Fall
w5IQlRvL,,Zavier,Gozo,RSL,F,80622.00,93345.00,2025,Fall
zsDPyvPb,,Johnny,Russell,RSL,F,300000.00,325500.00,2025,Fall
1yZnCdT8,,Aiden,Hezarkhani,RSL,F,80622.00,86980.00,2025,Fall
43cG5HDV,,Omar,Marquez,RSL,F,80622.00,96197.00,2025,Fall
gcxtluG7,,Javain,Brown,RSL,D,300000.00,313688.00,2025,Fall
BjHOeMu9,,DeAndre,Yedlin,RSL,D,900000.00,948750.00,2025,Fall
RRYwpzOF,,Gio,Villa,RSL,D,80622.00,83955.00,2025,Fall
xoZnhMz3,,Onni,Valakari,SD,M,650000.00,726800.00,2025,Fall
9c40Aaoj,,Corey,Baird,SD,F,676534.00,744241.00,2025,Fall
VaY2gl6Z,,Marcus,Ingvartsen,SD,F,1740000.00,1740000.00,2025,Fall
MV1qxnKq,,Anisse,Saidi,SD,F,80622.00,94512.00,2025,Fall
2MDx02mq,,Tomas,Angel,SD,F,325000.00,443750.00,2025,Fall
7pl3EPS5,,Paddy,McNair,SD,D,700000.00,762803.00,2025,Fall
u6xLMWjV,,Ian,Pilcher,SD,D,80622.00,80622.00,2025,Fall
LOnvn20E,,Andres,Reyes,SD,D,732000.00,807000.00,2025,Fall
y2Hxj84h,,Christopher,McVey,SD,D,445000.00,496813.00,2025,Fall
ZNuWob7o,,Heine Gikling,Bruseth,SD,M,200000.00,242471.00,2025,Fall
5MI3kwTB,,Alejandro,Alvarado,SD,M,80622.00,88144.00,2025,Fall
jdanm1Mn,,Luca,de la Torre,SD,M,1444528.00,1644295.00,2025,Fall
RKn435HX,,Manu,Duah,SD,M,80622.00,84622.00,2025,Fall
OIxa1YxP,,Anibal,Godoy,SD,M,375000.00,408333.00,2025,Fall
dmyel0Xa,,Pedro,Soma,SD,M,225000.00,275453.00,2025,Fall
1YFD1PMR,,Jeppe,Tverskov,SD,M,700000.00,700000.00,2025,Fall
sz1Ghx6s,,CJ,dos Santos,SD,GK,300000.00,340875.00,2025,Fall
ashXTBb1,,Duran,Ferree,SD,GK,80622.00,80622.00,2025,Fall
rPMccmYe,,Pablo,Sisniega,SD,GK,104000.00,130467.00,2025,Fall
QgTZqXjA,,Emmanuel,Boateng,SD,M,300000.00,331500.00,2025,Fall
U4WOvSeI,,Amahl,Pellegrino,SD,F,850000.00,912500.00,2025,Fall
76qyXyGS,,Alex,Mighten,SD,F,250000.00,257292.00,2025,Fall
FHOWlTKl,,Hirving,Lozano,SD,F,6000000.00,7633333.00,2025,Fall
o0o20t9c,,Luca,Bombino,SD,D,80622.00,80622.00,2025,Fall
mwJBR0Xz,,Aiden,Harangi,SD,D,80622.00,80622.00,2025,Fall
rVD1Q4iy,,Franco,Negri,SD,D,270000.00,297500.00,2025,Fall
BCLbnobs,,David,Vazquez,SD,M,104000.00,119880.00,2025,Fall
QYsaSMAg,,Anders,Dreyer,SD,F,2117647.00,2434314.00,2025,Fall
p9wr3yDR,,Leo,Duru,SD,D,80622.00,98234.00,2025,Fall
1HiKgfFo,,Willy,Kumado,SD,D,104000.00,116435.00,2025,Fall
f5dVzPiR,,Hernan,Lopez Munoz,SJ,M,850000.00,1020000.00,2025,Fall
KpB8ND7N,,Josef,Martinez,SJ,F,1300000.00,1450000.00,2025,Fall
MPceT9Ao,,Ousseni,Bouda,SJ,F,150000.00,152500.00,2025,Fall
Ln2g79in,,Preston,Judd,SJ,F,185000.00,234375.00,2025,Fall
gDZTrJNE,,Cristian,Arango,SJ,F,2000000.00,2216667.00,2025,Fall
hLPmrseC,,Antonio Josenildo,Rodrigues de Oliveira,SJ,D,700000.00,758000.00,2025,Fall
AQHvfmdw,,Max,Floriani,SJ,D,80622.00,83122.00,2025,Fall
AiIC9qDQ,,Daniel,Munie,SJ,D,104000.00,178000.00,2025,Fall
RaSS33v1,,Reid,Roberts,SJ,D,80622.00,80622.00,2025,Fall
Q3Y9zAR1,,Dave,Romney,SJ,D,858500.00,938000.00,2025,Fall
W0juothC,,Bruno,Wilson,SJ,D,1100000.00,1218333.00,2025,Fall
qWfinHTM,,Ronaldo,Vieira,SJ,M,620000.00,673854.00,2025,Fall
sAsodXAW,,Jack,Skahan,SJ,M,175000.00,175000.00,2025,Fall
b6UcA0Yw,,Noel,Buck,SJ,M,115000.00,115000.00,2025,Fall
dy33OI3Q,,Ian,Harkes,SJ,M,450000.00,450000.00,2025,Fall
K7d83OJY,,Beau,Leroux,SJ,M,80622.00,82526.00,2025,Fall
Jy6gByO8,,Niko,Tsakiris,SJ,M,165000.00,169167.00,2025,Fall
Rx2fokbs,,Kaedren,Spivey,SJ,M,80622.00,83622.00,2025,Fall
z5LBAMGk,,Cruz,Medina,SJ,M,140000.00,158394.00,2025,Fall
URpXC475,,Mark-Anthony,Kaye,SJ,M,800000.00,800000.00,2025,Fall
cAJh1jGz,,Nick,Fernandez,SJ,M,80622.00,82526.00,2025,Fall
kMdLAmIK,,Edwyn,Mendoza,SJ,M,80622.00,93062.00,2025,Fall
XXhomn3D,,Daniel,de Sousa Britto,SJ,GK,700000.00,742500.00,2025,Fall
2if54ORk,,Francesco,Montali,SJ,GK,104000.00,107178.00,2025,Fall
1NNR9QkI,,Earl,Edwards Jr.,SJ,GK,200000.00,210250.00,2025,Fall
7kReX4f0,,Benji,Kikanovic,SJ,F,367000.00,403700.00,2025,Fall
ri6n3wu4,,Chance,Cowell,SJ,F,104000.00,104000.00,2025,Fall
23g5R3HK,,Vitor,Costa,SJ,D,375000.00,413333.00,2025,Fall
CtIB3R6Z,,DeJuan,Jones,SJ,D,840000.00,846250.00,2025,Fall
qTBrlneF,,Jamar,Ricketts,SJ,D,80622.00,82209.00,2025,Fall
7F6GgZ67,,Cristian,Espinoza,SJ,F,1820000.00,2002000.00,2025,Fall
tf8q6ZQc,,Nick,Lima,SJ,D,375000.00,375000.00,2025,Fall
LZsft0Rp,,Wilson,Eisner,SJ,D,80622.00,80622.00,2025,Fall
gCPGgPYU,,Oscar,Verhoeven,SJ,D,125000.00,138395.00,2025,Fall
Fs5pxVqp,,Paul,Marie,SJ,D,325000.00,357500.00,2025,Fall
ReupT28C,,Albert,Rusnak,SEA,M,2575000.00,2575000.00,2025,Fall
wDk47jUZ,,Jesus,Ferreira,SEA,F,1585227.00,1828960.00,2025,Fall
XOTnhNeQ,,Jordan,Morris,SEA,F,2250000.00,2260000.00,2025,Fall
gdzRhB1Q,,Danny,Musovski,SEA,F,555000.00,585303.00,2025,Fall
p4kN6cKN,,Osaze,De Rosario,SEA,F,80622.00,80622.00,2025,Fall
cbXC2eZb,,Yeimar,Gomez Andrade,SEA,D,800000.00,882500.00,2025,Fall
jlVfyPDO,,Jon,Bell,SEA,D,135000.00,135000.00,2025,Fall
AU4O8JGW,,Leo,Burney,SEA,D,80622.00,80622.00,2025,Fall
E6vALk1Y,,Stuart,Hawkins,SEA,D,104000.00,116021.00,2025,Fall
Rzn7JwdZ,,Kee-hee,Kim,SEA,D,104000.00,104000.00,2025,Fall
vXdfLyez,,Jackson,Ragen,SEA,D,600000.00,610000.00,2025,Fall
btOOeghY,,Joao Paulo,Mior,SEA,M,600000.00,625000.00,2025,Fall
vjdlUljf,,Cristian,Roldan,SEA,M,1545000.00,1666000.00,2025,Fall
rv4E6o4x,,Obed,Vargas,SEA,M,125000.00,134452.00,2025,Fall
OA9DCfeX,,Danny,Leyva,SEA,M,325000.00,349900.00,2025,Fall
Ixt4imbs,,Snyder,Brunell,SEA,M,80622.00,90648.00,2025,Fall
ILkLCDZN,,Jacob,Castro,SEA,GK,104000.00,104000.00,2025,Fall
MP0YqyMs,,Stefan,Frei,SEA,GK,600000.00,600000.00,2025,Fall
X4HnQiHo,,Andrew,Thomas,SEA,GK,200000.00,200000.00,2025,Fall
eV2EVC2U,,Ryan,Kent,SEA,F,936000.00,959500.00,2025,Fall
rdpqSb96,,Paul,Rothrock,SEA,F,104000.00,104000.00,2025,Fall
vtdaYhZO,,Reed,Baker-Whiting,SEA,D,150000.00,158000.00,2025,Fall
e4qqbXGf,,Nouhou,Tolo,SEA,D,550000.00,571875.00,2025,Fall
BHuOKpcM,,Travian,Sousa,SEA,D,80622.00,80622.00,2025,Fall
z9ZYuZ0j,,Paul,Arriola,SEA,F,1000000.00,1142500.00,2025,Fall
hmcQNMiV,,Pedro,de la Vega,SEA,F,1000000.00,1379000.00,2025,Fall
PWLk2Yd5,,Georgi,Minoungou,SEA,F,104000.00,104000.00,2025,Fall
MOj91O7W,,Alex,Roldan,SEA,D,530000.00,530000.00,2025,Fall
QeJueP7K,,Kalani,Kossa-Rienzi,SEA,D,80622.00,80622.00,2025,Fall
fiHB8pSI,,Cody,Baker,SEA,D,104000.00,109704.00,2025,Fall
hDB63716,,Manu,Garcia,KC,M,2100000.00,2325313.00,2025,Fall
WEZOqJzU,,Memo,Rodriguez,KC,M,104000.00,114966.00,2025,Fall
JkbHOAjr,,Erik,Thommy,KC,M,1500000.00,1606250.00,2025,Fall
ZUx4Kul5,,Dejan,Joveljic,KC,F,3000000.00,3306250.00,2025,Fall
fQHKV1RI,,Santiago,Munoz,KC,F,300000.00,335026.00,2025,Fall
0DYQtNQy,,Mason,Toye,KC,F,350000.00,392500.00,2025,Fall
DXjl7yDG,,Khiry,Shelton,KC,F,725000.00,775000.00,2025,Fall
3aZzeJcP,,Joaquin,Fernandez,KC,D,1000000.00,1072083.00,2025,Fall
Lawrc5Ps,,Alan,Montes,KC,D,400000.00,422500.00,2025,Fall
sOGCgYx9,,Jansen,Miller,KC,D,80622.00,82302.00,2025,Fall
UWEPRw42,,Robert,Voloder,KC,D,550000.00,577860.00,2025,Fall
2oapmJRK,,Zorhan,Bassong,KC,M,104000.00,114237.00,2025,Fall
IGBl3cjM,,Nemanja,Radoja,KC,M,1300000.00,1390000.00,2025,Fall
WlEYSHcF,,Jacob,Bartlett,KC,M,80622.00,83622.00,2025,Fall
a2CR4S99,,Jack,Kortkamp,KC,GK,80622.00,82622.00,2025,Fall
o1EL4Cqw,,Ryan,Schewe,KC,GK,80622.00,80622.00,2025,Fall
7F9odGSo,,John,Pulskamp,KC,GK,250000.00,273500.00,2025,Fall
8aTgtDKQ,,Daniel,Salloi,KC,F,1300000.00,1300000.00,2025,Fall
HgGZllrj,,Stephen,Afrifa,KC,F,104000.00,104000.00,2025,Fall
byPsR1BO,,Tim,Leibold,KC,D,925000.00,926050.00,2025,Fall
nwb01rTq,,Logan,Ndenbe,KC,D,525000.00,530000.00,2025,Fall
56ORWhHs,,Shapi,Suleymanov,KC,F,800000.00,915028.00,2025,Fall
Uy1QvDdA,,Andrew,Brody,KC,D,275000.00,300678.00,2025,Fall
IVMYscRa,,Jake,Davis,KC,D,400000.00,412500.00,2025,Fall
sZCW5jo0,,Ian,James,KC,D,80622.00,85220.00,2025,Fall
jMcoya6w,,Tomas,Ostrak,STL,M,700000.00,801000.00,2025,Fall
LM2IwRHa,,Caden,Glover,STL,F,104000.00,109000.00,2025,Fall
GeGxc1CC,,Sang-bin,Jeong,STL,F,630750.00,737458.00,2025,Fall
IKGTn9wK,,Joao,Klauss de Mello,STL,F,1230000.00,1370284.00,2025,Fall
ZWZ8UD1s,,Brendan,McSorley,STL,F,80622.00,80622.00,2025,Fall
bzi8Ugyc,,Cedric,Teuchert,STL,F,1200000.00,1342500.00,2025,Fall
JooQnIfb,,Simon,Becher,STL,F,218000.00,239273.00,2025,Fall
9HnykXOx,,Jake,Girdwood-Reich,STL,D,242250.00,281027.00,2025,Fall
0X6ahgQB,,Timo,Baumgartl,STL,D,550000.00,643333.00,2025,Fall
Mygz5geZ,,Henry,Kessler,STL,D,1300000.00,1333333.00,2025,Fall
PkG6ulvq,,Fallou,Fall,STL,D,364000.00,462419.00,2025,Fall
MYynAZib,,Kyle,Hiebert,STL,D,240000.00,269000.00,2025,Fall
km7BABCo,,Michael,Wentzel,STL,D,80622.00,80622.00,2025,Fall
hul8jbnA,,Joshua,Yaro,STL,D,185000.00,204500.00,2025,Fall
SeGCvIQ6,,Marcel,Hartel,STL,M,1797600.00,2183113.00,2025,Fall
rjkntI6x,,Miguel,Perez,STL,M,104000.00,104000.00,2025,Fall
u2cXzMt8,,Eduard,Lowen,STL,M,1250000.00,1394250.00,2025,Fall
ZIi5QhhH,,Alfredo,Morales,STL,M,188571.00,205571.00,2025,Fall
dR2xAtrX,,Chris,Durkin,STL,M,475000.00,520000.00,2025,Fall
zQChVsCd,,Seth,Antwi,STL,M,104000.00,104000.00,2025,Fall
mEHvSBff,,Ben,Lundt,STL,GK,160000.00,172833.00,2025,Fall
QIPCycf7,,Roman,Burki,STL,GK,1575000.00,1707469.00,2025,Fall
9uXwNNdU,,Christian,Olivares,STL,GK,80622.00,80622.00,2025,Fall
5mDvapId,,MyKhi,Joyner,STL,M,80622.00,97902.00,2025,Fall
THhQeLY6,,Celio Antonio,Pompeu Pinheiro Martins,STL,F,218250.00,253144.00,2025,Fall
vqbljXhh,,Selmir,Pidro,STL,D,325000.00,374375.00,2025,Fall
pK642FZu,,Devin,Padelford,STL,D,114000.00,121000.00,2025,Fall
FrXJLxzF,,Jayden,Reid,STL,D,104000.00,104000.00,2025,Fall
KcFg5cKs,,Conrad,Wallem,STL,M,448000.00,499875.00,2025,Fall
j3oTr2jI,,Rasmus,Alm,STL,F,279500.00,343925.00,2025,Fall
BR12dH8E,,Jaziel,Orozco,STL,D,80622.00,80622.00,2025,Fall
IMwGfuDk,,Tyson,Pearce,STL,D,104000.00,104000.00,2025,Fall
HWYIr2np,,Tomas,Totland,STL,D,300000.00,341763.00,2025,Fall
6ls99tcl,,Akil,Watts,STL,D,104000.00,104000.00,2025,Fall
5YFXW0Zo,,Joseph,Zalinsky,STL,D,80622.00,82638.00,2025,Fall
U4gZolKR,,Djordje,Mihailovic,TOR,M,2158335.00,2278335.00,2025,Fall
cW2b7F9j,,Cassius,Mailula,TOR,F,325000.00,341003.00,2025,Fall
ZpRA1Nwg,,Hugo,Mbongue,TOR,F,135000.00,146427.00,2025,Fall
Q57p7Beu,,Deandre,Kerr,TOR,F,120000.00,125319.00,2025,Fall
acsVNx32,,Charlie,Sharp,TOR,F,80622.00,80622.00,2025,Fall
fb8WIGze,,Jules-Anthony,Vilsaint,TOR,F,125000.00,131875.00,2025,Fall
2B2zRPgJ,,Adam,Pearlman,TOR,D,104000.00,117300.00,2025,Fall
jLWtLEDI,,Zane,Monlouis,TOR,D,115000.00,127891.00,2025,Fall
rqdxYU4B,,Kevin,Long,TOR,D,430000.00,468521.00,2025,Fall
T8rWckS9,,Nicksoen,Gomis,TOR,D,80622.00,80622.00,2025,Fall
AhlHAMFl,,Lazar,Stefanovic,TOR,D,80622.00,92528.00,2025,Fall
4EEQOy1M,,Sigurd,Rosted,TOR,D,800000.00,805000.00,2025,Fall
FbjIsc1z,,Jose,Cifuentes,TOR,M,1210000.00,1405000.00,2025,Fall
7jX1nHeV,,Jonathan,Osorio,TOR,M,1000000.00,1183333.00,2025,Fall
hrkxt3u8,,Maxime,Dominguez,TOR,M,235000.00,337577.00,2025,Fall
YqnS4skX,,Markus,Cimermancic,TOR,M,80622.00,94478.00,2025,Fall
bqwnS1Vm,,Alonso,Coello,TOR,M,200012.00,235012.00,2025,Fall
ZS8j17Td,,Sean,Johnson,TOR,GK,621250.00,1063125.00,2025,Fall
tk9Zq1ne,,Adisa,De Rosario,TOR,GK,80622.00,97235.00,2025,Fall
vutvg9xb,,Luka,Gavran,TOR,GK,104000.00,128475.00,2025,Fall
uzQVufon,,Nathaniel,Edwards,TOR,M,80622.00,86604.00,2025,Fall
6jyOe1LW,,Derrick,Etienne Jr.,TOR,F,745566.00,745566.00,2025,Fall
xeMdtpAg,,Raoul,Petretta,TOR,D,775000.00,854750.00,2025,Fall
zXwj0O6w,,Malik,Henry,TOR,M,80622.00,80622.00,2025,Fall
2eZPkn2F,,Kosi,Thompson,TOR,M,120000.00,125260.00,2025,Fall
zSDHh3Rt,,Theo,Corbeanu,TOR,F,365000.00,411625.00,2025,Fall
7IPXWSp6,,Henry,Wingo,TOR,D,625000.00,696031.00,2025,Fall
PqkDeCCI,,Kobe,Franklin,TOR,D,125000.00,135802.00,2025,Fall
ImJRaGGv,,Richie,Laryea,TOR,D,830000.00,1169438.00,2025,Fall
oZPx1sIC,,Liam,MacKenzie,VAN,M,80622.00,96047.00,2025,Fall
qDb9uBzK,,Thomas,Muller,VAN,M,1284456.00,1436956.00,2025,Fall
pO5KbvNY,,Ryan,Gauld,VAN,M,3500000.00,3675000.00,2025,Fall
5yWXnZVI,,Brian,White,VAN,F,1000000.00,1000000.00,2025,Fall
b2MRgCdc,,Rayan,Elloumi,VAN,F,80622.00,96268.00,2025,Fall
LnZTU2zz,,Nelson,Pierre,VAN,F,104000.00,118116.00,2025,Fall
B3xp70SD,,Daniel,Rios,VAN,F,147600.00,188880.00,2025,Fall
fkmfgyQN,,Nicolas,Fleuriau Chateau,VAN,F,80622.00,80622.00,2025,Fall
lueZfUln,,Belal,Halbouni,VAN,D,165000.00,165000.00,2025,Fall
6bf6HLD8,,Mathias,Laborda,VAN,D,900000.00,1043625.00,2025,Fall
yoI3JwuR,,Mark,O'Neill,VAN,D,80622.00,80622.00,2025,Fall
0kgoqG3q,,Joedrick,Pupe,VAN,D,420000.00,460600.00,2025,Fall
OcFmVJyA,,Sebastian,Schonlau,VAN,D,720000.00,776833.00,2025,Fall
PAsC5NcW,,Ranko,Veselinovic,VAN,D,670000.00,737125.00,2025,Fall
xQiNi6cs,,Tristan,Blackmon,VAN,D,800000.00,800000.00,2025,Fall
wA80DOAp,,Sebastian,Berhalter,VAN,M,385000.00,385000.00,2025,Fall
Xw5aBdBY,,Jeevan,Badwal,VAN,M,80622.00,80622.00,2025,Fall
MfWlz4f8,,Andres,Cubas,VAN,M,1050000.00,1146375.00,2025,Fall
o6sHxfry,,J.C.,Ngando,VAN,M,104000.00,104000.00,2025,Fall
aV44fUKQ,,Ralph,Priso,VAN,M,104000.00,118167.00,2025,Fall
4nQU3gO5,,Max,Anchor,VAN,GK,104000.00,111442.00,2025,Fall
sXdNCznc,,Isaac,Boehmer,VAN,GK,104000.00,104000.00,2025,Fall
P7qLCFYW,,Yohei,Takaoka,VAN,GK,756000.00,873713.00,2025,Fall
ugsCNl9s,,Adrian,Zendejas,VAN,GK,104000.00,104000.00,2025,Fall
piK5lqEk,,Ali,Ahmed,VAN,M,150000.00,159375.00,2025,Fall
mHghBL5k,,Jayden,Nelson,VAN,F,360000.00,414000.00,2025,Fall
QQz71zoO,,Kenji,Cabrera,VAN,F,350000.00,390053.00,2025,Fall
qhswv9XV,,Tate,Johnson,VAN,D,80622.00,81622.00,2025,Fall
El2G2pKV,,Sam,Adekugbe,VAN,D,875000.00,963000.00,2025,Fall
0es4roXO,,Emmanuel,Sabbi,VAN,F,900000.00,987750.00,2025,Fall
lcrDi9kF,,Giuseppe,Bovalina,VAN,D,104000.00,116980.00,2025,Fall
qxCHxon6,,Edier,Ocampo,VAN,D,375000.00,428299.00,2025,Fall
eSRJo4u7,,Tom,Pearce,MLS,D,450000.00,450000.00,2025,Fall
